mode,version,seed,split_label,observe_cost,test_type,level,policy_net,always_try_net,always_observe_net,oracle_selective_net,delta_vs_always_observe,delta_vs_always_try,gap_to_oracle_selective,observe_rate,sign_correct_rate,false_observe_rate,false_direct_rate,positive_net_rate,exact_signature_determinism_rate,single_cue_max_predictiveness,cue_pair_max_predictiveness,train_pair_coverage,hidden_h_probe_from_pre_surface_accuracy
mode_A_fixed_split_fresh_seeds,structured,101,fixed_split_3985,0.03,A,level1,0.71613,0.7281299999999999,0.71613,0.8349271625,0.0,-0.0119999999999999,0.11879716249999994,1.0,0.47675,0.52325,0.0,0.47675,0.0,0.61321875,0.7361875,1.0,0.597828125
mode_A_fixed_split_fresh_seeds,structured,101,fixed_split_3985,0.03,A,level2,0.75103,0.7281299999999999,0.71613,0.8349271625,0.03489999999999993,0.02290000000000003,0.08389716250000001,0.5,0.41175,0.30575,0.2825,0.47675,0.0,0.61321875,0.7361875,1.0,0.597828125
mode_A_fixed_split_fresh_seeds,structured,101,fixed_split_3985,0.03,A,level3,0.71613,0.7281299999999999,0.71613,0.8349271625,0.0,-0.0119999999999999,0.11879716249999994,1.0,0.47675,0.52325,0.0,0.47675,0.0,0.61321875,0.7361875,1.0,0.597828125
mode_A_fixed_split_fresh_seeds,structured,101,fixed_split_3985,0.03,B,level1,0.6915749999999999,0.7233749999999999,0.6915749999999999,0.8277751468749999,0.0,-0.03179999999999994,0.13620014687499993,1.0,0.442375,0.557625,0.0,0.442375,0.0,0.61321875,0.7361875,1.0,0.597828125
mode_A_fixed_split_fresh_seeds,structured,101,fixed_split_3985,0.03,B,level2,0.7233749999999999,0.7233749999999999,0.6915749999999999,0.8277751468749999,0.03179999999999994,0.0,0.10440014687499999,0.0,0.557625,0.0,0.442375,0.442375,0.0,0.61321875,0.7361875,1.0,0.597828125
mode_A_fixed_split_fresh_seeds,structured,101,fixed_split_3985,0.03,B,level3,0.7233749999999999,0.7233749999999999,0.6915749999999999,0.8277751468749999,0.03179999999999994,0.0,0.10440014687499999,0.0,0.557625,0.0,0.442375,0.442375,0.0,0.61321875,0.7361875,1.0,0.597828125
mode_A_fixed_split_fresh_seeds,structured,101,fixed_split_3985,0.05,A,level1,0.7281299999999999,0.7281299999999999,0.69613,0.8253921624999999,0.03199999999999992,0.0,0.09726216249999997,0.0,0.52325,0.0,0.47675,0.47675,0.0,0.61321875,0.7361875,1.0,0.597828125
mode_A_fixed_split_fresh_seeds,structured,101,fixed_split_3985,0.05,A,level2,0.7281299999999999,0.7281299999999999,0.69613,0.8253921624999999,0.03199999999999992,0.0,0.09726216249999997,0.0,0.52325,0.0,0.47675,0.47675,0.0,0.61321875,0.7361875,1.0,0.597828125
mode_A_fixed_split_fresh_seeds,structured,101,fixed_split_3985,0.05,A,level3,0.7281299999999999,0.7281299999999999,0.69613,0.8253921624999999,0.03199999999999992,0.0,0.09726216249999997,0.0,0.52325,0.0,0.47675,0.47675,0.0,0.61321875,0.7361875,1.0,0.597828125
mode_A_fixed_split_fresh_seeds,structured,101,fixed_split_3985,0.05,B,level1,0.7233749999999999,0.7233749999999999,0.6715749999999999,0.818927646875,0.05179999999999996,0.0,0.09555264687500009,0.0,0.557625,0.0,0.442375,0.442375,0.0,0.61321875,0.7361875,1.0,0.597828125
mode_A_fixed_split_fresh_seeds,structured,101,fixed_split_3985,0.05,B,level2,0.7233749999999999,0.7233749999999999,0.6715749999999999,0.818927646875,0.05179999999999996,0.0,0.09555264687500009,0.0,0.557625,0.0,0.442375,0.442375,0.0,0.61321875,0.7361875,1.0,0.597828125
mode_A_fixed_split_fresh_seeds,structured,101,fixed_split_3985,0.05,B,level3,0.7233749999999999,0.7233749999999999,0.6715749999999999,0.818927646875,0.05179999999999996,0.0,0.09555264687500009,0.0,0.557625,0.0,0.442375,0.442375,0.0,0.61321875,0.7361875,1.0,0.597828125
mode_A_fixed_split_fresh_seeds,structured,101,fixed_split_3985,0.07,A,level1,0.7281299999999999,0.7281299999999999,0.67613,0.8158571625,0.051999999999999935,0.0,0.08772716250000001,0.0,0.52325,0.0,0.47675,0.47675,0.0,0.61321875,0.7361875,1.0,0.597828125
mode_A_fixed_split_fresh_seeds,structured,101,fixed_split_3985,0.07,A,level2,0.7281299999999999,0.7281299999999999,0.67613,0.8158571625,0.051999999999999935,0.0,0.08772716250000001,0.0,0.52325,0.0,0.47675,0.47675,0.0,0.61321875,0.7361875,1.0,0.597828125
mode_A_fixed_split_fresh_seeds,structured,101,fixed_split_3985,0.07,A,level3,0.7281299999999999,0.7281299999999999,0.67613,0.8158571625,0.051999999999999935,0.0,0.08772716250000001,0.0,0.52325,0.0,0.47675,0.47675,0.0,0.61321875,0.7361875,1.0,0.597828125
mode_A_fixed_split_fresh_seeds,structured,101,fixed_split_3985,0.07,B,level1,0.7233749999999999,0.7233749999999999,0.6515749999999999,0.810080146875,0.07179999999999997,0.0,0.08670514687500008,0.0,0.557625,0.0,0.442375,0.442375,0.0,0.61321875,0.7361875,1.0,0.597828125
mode_A_fixed_split_fresh_seeds,structured,101,fixed_split_3985,0.07,B,level2,0.7233749999999999,0.7233749999999999,0.6515749999999999,0.810080146875,0.07179999999999997,0.0,0.08670514687500008,0.0,0.557625,0.0,0.442375,0.442375,0.0,0.61321875,0.7361875,1.0,0.597828125
mode_A_fixed_split_fresh_seeds,structured,101,fixed_split_3985,0.07,B,level3,0.7233749999999999,0.7233749999999999,0.6515749999999999,0.810080146875,0.07179999999999997,0.0,0.08670514687500008,0.0,0.557625,0.0,0.442375,0.442375,0.0,0.61321875,0.7361875,1.0,0.597828125
mode_A_fixed_split_fresh_seeds,null,101,fixed_split_3985,0.03,A,level1,0.7355274999999999,0.6200275000000001,0.7355274999999999,0.813222533125,0.0,0.11549999999999983,0.07769503312500015,1.0,0.552,0.448,0.0,0.552,0.0,0.553,0.555375,1.0,0.378671875
mode_A_fixed_split_fresh_seeds,null,101,fixed_split_3985,0.03,A,level2,0.7355274999999999,0.6200275000000001,0.7355274999999999,0.813222533125,0.0,0.11549999999999983,0.07769503312500015,1.0,0.552,0.448,0.0,0.552,0.0,0.553,0.555375,1.0,0.378671875
mode_A_fixed_split_fresh_seeds,null,101,fixed_split_3985,0.03,A,level3,0.7355274999999999,0.6200275000000001,0.7355274999999999,0.813222533125,0.0,0.11549999999999983,0.07769503312500015,1.0,0.552,0.448,0.0,0.552,0.0,0.553,0.555375,1.0,0.378671875
mode_A_fixed_split_fresh_seeds,null,101,fixed_split_3985,0.03,B,level1,0.7388075,0.6297075,0.7388075,0.8187796131249999,0.0,0.10909999999999997,0.07997211312499997,1.0,0.555625,0.444375,0.0,0.555625,0.0,0.553,0.555375,1.0,0.378671875
mode_A_fixed_split_fresh_seeds,null,101,fixed_split_3985,0.03,B,level2,0.7388075,0.6297075,0.7388075,0.8187796131249999,0.0,0.10909999999999997,0.07997211312499997,1.0,0.555625,0.444375,0.0,0.555625,0.0,0.553,0.555375,1.0,0.378671875
mode_A_fixed_split_fresh_seeds,null,101,fixed_split_3985,0.03,B,level3,0.7388075,0.6297075,0.7388075,0.8187796131249999,0.0,0.10909999999999997,0.07997211312499997,1.0,0.555625,0.444375,0.0,0.555625,0.0,0.553,0.555375,1.0,0.378671875
mode_A_fixed_split_fresh_seeds,null,101,fixed_split_3985,0.05,A,level1,0.7155274999999999,0.6200275000000001,0.7155274999999999,0.802182533125,0.0,0.09549999999999981,0.08665503312500011,1.0,0.552,0.448,0.0,0.552,0.0,0.553,0.555375,1.0,0.378671875
mode_A_fixed_split_fresh_seeds,null,101,fixed_split_3985,0.05,A,level2,0.7155274999999999,0.6200275000000001,0.7155274999999999,0.802182533125,0.0,0.09549999999999981,0.08665503312500011,1.0,0.552,0.448,0.0,0.552,0.0,0.553,0.555375,1.0,0.378671875
mode_A_fixed_split_fresh_seeds,null,101,fixed_split_3985,0.05,A,level3,0.7155274999999999,0.6200275000000001,0.7155274999999999,0.802182533125,0.0,0.09549999999999981,0.08665503312500011,1.0,0.552,0.448,0.0,0.552,0.0,0.553,0.555375,1.0,0.378671875
mode_A_fixed_split_fresh_seeds,null,101,fixed_split_3985,0.05,B,level1,0.7188075,0.6297075,0.7188075,0.8076671131250001,0.0,0.08910000000000007,0.08885961312500001,1.0,0.555625,0.444375,0.0,0.555625,0.0,0.553,0.555375,1.0,0.378671875
mode_A_fixed_split_fresh_seeds,null,101,fixed_split_3985,0.05,B,level2,0.7188075,0.6297075,0.7188075,0.8076671131250001,0.0,0.08910000000000007,0.08885961312500001,1.0,0.555625,0.444375,0.0,0.555625,0.0,0.553,0.555375,1.0,0.378671875
mode_A_fixed_split_fresh_seeds,null,101,fixed_split_3985,0.05,B,level3,0.7188075,0.6297075,0.7188075,0.8076671131250001,0.0,0.08910000000000007,0.08885961312500001,1.0,0.555625,0.444375,0.0,0.555625,0.0,0.553,0.555375,1.0,0.378671875
mode_A_fixed_split_fresh_seeds,null,101,fixed_split_3985,0.07,A,level1,0.6955275,0.6200275000000001,0.6955275,0.791142533125,0.0,0.0754999999999999,0.09561503312500008,1.0,0.552,0.448,0.0,0.552,0.0,0.553,0.555375,1.0,0.378671875
mode_A_fixed_split_fresh_seeds,null,101,fixed_split_3985,0.07,A,level2,0.6955275,0.6200275000000001,0.6955275,0.791142533125,0.0,0.0754999999999999,0.09561503312500008,1.0,0.552,0.448,0.0,0.552,0.0,0.553,0.555375,1.0,0.378671875
mode_A_fixed_split_fresh_seeds,null,101,fixed_split_3985,0.07,A,level3,0.6955275,0.6200275000000001,0.6955275,0.791142533125,0.0,0.0754999999999999,0.09561503312500008,1.0,0.552,0.448,0.0,0.552,0.0,0.553,0.555375,1.0,0.378671875
mode_A_fixed_split_fresh_seeds,null,101,fixed_split_3985,0.07,B,level1,0.6988075,0.6297075,0.6988075,0.796554613125,0.0,0.06910000000000005,0.09774711312499995,1.0,0.555625,0.444375,0.0,0.555625,0.0,0.553,0.555375,1.0,0.378671875
mode_A_fixed_split_fresh_seeds,null,101,fixed_split_3985,0.07,B,level2,0.6988075,0.6297075,0.6988075,0.796554613125,0.0,0.06910000000000005,0.09774711312499995,1.0,0.555625,0.444375,0.0,0.555625,0.0,0.553,0.555375,1.0,0.378671875
mode_A_fixed_split_fresh_seeds,null,101,fixed_split_3985,0.07,B,level3,0.6988075,0.6297075,0.6988075,0.796554613125,0.0,0.06910000000000005,0.09774711312499995,1.0,0.555625,0.444375,0.0,0.555625,0.0,0.553,0.555375,1.0,0.378671875
mode_A_fixed_split_fresh_seeds,structured,109,fixed_split_3985,0.03,A,level1,0.7151075,0.7273075,0.7151075,0.8331037749999999,0.0,-0.012199999999999989,0.11799627499999987,1.0,0.47375,0.52625,0.0,0.47375,0.0,0.61928125,0.743375,1.0,0.59809375
mode_A_fixed_split_fresh_seeds,structured,109,fixed_split_3985,0.03,A,level2,0.7494075,0.7273075,0.7151075,0.8331037749999999,0.0343,0.02210000000000001,0.08369627499999988,0.5,0.40625,0.31,0.28375,0.47375,0.0,0.61928125,0.743375,1.0,0.59809375
mode_A_fixed_split_fresh_seeds,structured,109,fixed_split_3985,0.03,A,level3,0.7151075,0.7273075,0.7151075,0.8331037749999999,0.0,-0.012199999999999989,0.11799627499999987,1.0,0.47375,0.52625,0.0,0.47375,0.0,0.61928125,0.743375,1.0,0.59809375
mode_A_fixed_split_fresh_seeds,structured,109,fixed_split_3985,0.03,B,level1,0.6922575,0.7316575,0.6922575,0.8337178393749999,0.0,-0.03939999999999999,0.1414603393749999,1.0,0.451125,0.548875,0.0,0.451125,0.0,0.61928125,0.743375,1.0,0.59809375
mode_A_fixed_split_fresh_seeds,structured,109,fixed_split_3985,0.03,B,level2,0.7316575,0.7316575,0.6922575,0.8337178393749999,0.03939999999999999,0.0,0.10206033937499992,0.0,0.548875,0.0,0.451125,0.451125,0.0,0.61928125,0.743375,1.0,0.59809375
mode_A_fixed_split_fresh_seeds,structured,109,fixed_split_3985,0.03,B,level3,0.7316575,0.7316575,0.6922575,0.8337178393749999,0.03939999999999999,0.0,0.10206033937499992,0.0,0.548875,0.0,0.451125,0.451125,0.0,0.61928125,0.743375,1.0,0.59809375
mode_A_fixed_split_fresh_seeds,structured,109,fixed_split_3985,0.05,A,level1,0.7273075,0.7273075,0.6951075,0.823628775,0.032200000000000006,0.0,0.09632127499999998,0.0,0.52625,0.0,0.47375,0.47375,0.0,0.61928125,0.743375,1.0,0.59809375
mode_A_fixed_split_fresh_seeds,structured,109,fixed_split_3985,0.05,A,level2,0.7273075,0.7273075,0.6951075,0.823628775,0.032200000000000006,0.0,0.09632127499999998,0.0,0.52625,0.0,0.47375,0.47375,0.0,0.61928125,0.743375,1.0,0.59809375
mode_A_fixed_split_fresh_seeds,structured,109,fixed_split_3985,0.05,A,level3,0.7273075,0.7273075,0.6951075,0.823628775,0.032200000000000006,0.0,0.09632127499999998,0.0,0.52625,0.0,0.47375,0.47375,0.0,0.61928125,0.743375,1.0,0.59809375
mode_A_fixed_split_fresh_seeds,structured,109,fixed_split_3985,0.05,B,level1,0.7316575,0.7316575,0.6722575,0.8246953393750001,0.05940000000000001,0.0,0.0930378393750001,0.0,0.548875,0.0,0.451125,0.451125,0.0,0.61928125,0.743375,1.0,0.59809375
mode_A_fixed_split_fresh_seeds,structured,109,fixed_split_3985,0.05,B,level2,0.7316575,0.7316575,0.6722575,0.8246953393750001,0.05940000000000001,0.0,0.0930378393750001,0.0,0.548875,0.0,0.451125,0.451125,0.0,0.61928125,0.743375,1.0,0.59809375
mode_A_fixed_split_fresh_seeds,structured,109,fixed_split_3985,0.05,B,level3,0.7316575,0.7316575,0.6722575,0.8246953393750001,0.05940000000000001,0.0,0.0930378393750001,0.0,0.548875,0.0,0.451125,0.451125,0.0,0.61928125,0.743375,1.0,0.59809375
mode_A_fixed_split_fresh_seeds,structured,109,fixed_split_3985,0.07,A,level1,0.7273075,0.7273075,0.6751075,0.814153775,0.052200000000000024,0.0,0.08684627499999997,0.0,0.52625,0.0,0.47375,0.47375,0.0,0.61928125,0.743375,1.0,0.59809375
mode_A_fixed_split_fresh_seeds,structured,109,fixed_split_3985,0.07,A,level2,0.7273075,0.7273075,0.6751075,0.814153775,0.052200000000000024,0.0,0.08684627499999997,0.0,0.52625,0.0,0.47375,0.47375,0.0,0.61928125,0.743375,1.0,0.59809375
mode_A_fixed_split_fresh_seeds,structured,109,fixed_split_3985,0.07,A,level3,0.7273075,0.7273075,0.6751075,0.814153775,0.052200000000000024,0.0,0.08684627499999997,0.0,0.52625,0.0,0.47375,0.47375,0.0,0.61928125,0.743375,1.0,0.59809375
mode_A_fixed_split_fresh_seeds,structured,109,fixed_split_3985,0.07,B,level1,0.7316575,0.7316575,0.6522574999999999,0.815672839375,0.07940000000000003,0.0,0.08401533937500005,0.0,0.548875,0.0,0.451125,0.451125,0.0,0.61928125,0.743375,1.0,0.59809375
mode_A_fixed_split_fresh_seeds,structured,109,fixed_split_3985,0.07,B,level2,0.7316575,0.7316575,0.6522574999999999,0.815672839375,0.07940000000000003,0.0,0.08401533937500005,0.0,0.548875,0.0,0.451125,0.451125,0.0,0.61928125,0.743375,1.0,0.59809375
mode_A_fixed_split_fresh_seeds,structured,109,fixed_split_3985,0.07,B,level3,0.7316575,0.7316575,0.6522574999999999,0.815672839375,0.07940000000000003,0.0,0.08401533937500005,0.0,0.548875,0.0,0.451125,0.451125,0.0,0.61928125,0.743375,1.0,0.59809375
mode_A_fixed_split_fresh_seeds,null,109,fixed_split_3985,0.03,A,level1,0.73462,0.6302199999999999,0.73462,0.8161207149999999,0.0,0.10440000000000016,0.08150071499999989,1.0,0.547125,0.452875,0.0,0.547125,0.0,0.552,0.55525,1.0,0.379078125
mode_A_fixed_split_fresh_seeds,null,109,fixed_split_3985,0.03,A,level2,0.73462,0.6302199999999999,0.73462,0.8161207149999999,0.0,0.10440000000000016,0.08150071499999989,1.0,0.547125,0.452875,0.0,0.547125,0.0,0.552,0.55525,1.0,0.379078125
mode_A_fixed_split_fresh_seeds,null,109,fixed_split_3985,0.03,A,level3,0.73462,0.6302199999999999,0.73462,0.8161207149999999,0.0,0.10440000000000016,0.08150071499999989,1.0,0.547125,0.452875,0.0,0.547125,0.0,0.552,0.55525,1.0,0.379078125
mode_A_fixed_split_fresh_seeds,null,109,fixed_split_3985,0.03,B,level1,0.737555,0.6260549999999999,0.737555,0.81659465,0.0,0.11150000000000004,0.07903965000000002,1.0,0.554,0.446,0.0,0.554,0.0,0.552,0.55525,1.0,0.379078125
mode_A_fixed_split_fresh_seeds,null,109,fixed_split_3985,0.03,B,level2,0.737555,0.6260549999999999,0.737555,0.81659465,0.0,0.11150000000000004,0.07903965000000002,1.0,0.554,0.446,0.0,0.554,0.0,0.552,0.55525,1.0,0.379078125
mode_A_fixed_split_fresh_seeds,null,109,fixed_split_3985,0.03,B,level3,0.737555,0.6260549999999999,0.737555,0.81659465,0.0,0.11150000000000004,0.07903965000000002,1.0,0.554,0.446,0.0,0.554,0.0,0.552,0.55525,1.0,0.379078125
mode_A_fixed_split_fresh_seeds,null,109,fixed_split_3985,0.05,A,level1,0.71462,0.6302199999999999,0.71462,0.8051782149999999,0.0,0.08440000000000014,0.09055821499999983,1.0,0.547125,0.452875,0.0,0.547125,0.0,0.552,0.55525,1.0,0.379078125
mode_A_fixed_split_fresh_seeds,null,109,fixed_split_3985,0.05,A,level2,0.71462,0.6302199999999999,0.71462,0.8051782149999999,0.0,0.08440000000000014,0.09055821499999983,1.0,0.547125,0.452875,0.0,0.547125,0.0,0.552,0.55525,1.0,0.379078125
mode_A_fixed_split_fresh_seeds,null,109,fixed_split_3985,0.05,A,level3,0.71462,0.6302199999999999,0.71462,0.8051782149999999,0.0,0.08440000000000014,0.09055821499999983,1.0,0.547125,0.452875,0.0,0.547125,0.0,0.552,0.55525,1.0,0.379078125
mode_A_fixed_split_fresh_seeds,null,109,fixed_split_3985,0.05,B,level1,0.7175549999999999,0.6260549999999999,0.7175549999999999,0.80551465,0.0,0.09150000000000003,0.08795965000000006,1.0,0.554,0.446,0.0,0.554,0.0,0.552,0.55525,1.0,0.379078125
mode_A_fixed_split_fresh_seeds,null,109,fixed_split_3985,0.05,B,level2,0.7175549999999999,0.6260549999999999,0.7175549999999999,0.80551465,0.0,0.09150000000000003,0.08795965000000006,1.0,0.554,0.446,0.0,0.554,0.0,0.552,0.55525,1.0,0.379078125
mode_A_fixed_split_fresh_seeds,null,109,fixed_split_3985,0.05,B,level3,0.7175549999999999,0.6260549999999999,0.7175549999999999,0.80551465,0.0,0.09150000000000003,0.08795965000000006,1.0,0.554,0.446,0.0,0.554,0.0,0.552,0.55525,1.0,0.379078125
mode_A_fixed_split_fresh_seeds,null,109,fixed_split_3985,0.07,A,level1,0.69462,0.6302199999999999,0.69462,0.7942357149999999,0.0,0.06440000000000012,0.09961571499999988,1.0,0.547125,0.452875,0.0,0.547125,0.0,0.552,0.55525,1.0,0.379078125
mode_A_fixed_split_fresh_seeds,null,109,fixed_split_3985,0.07,A,level2,0.69462,0.6302199999999999,0.69462,0.7942357149999999,0.0,0.06440000000000012,0.09961571499999988,1.0,0.547125,0.452875,0.0,0.547125,0.0,0.552,0.55525,1.0,0.379078125
mode_A_fixed_split_fresh_seeds,null,109,fixed_split_3985,0.07,A,level3,0.69462,0.6302199999999999,0.69462,0.7942357149999999,0.0,0.06440000000000012,0.09961571499999988,1.0,0.547125,0.452875,0.0,0.547125,0.0,0.552,0.55525,1.0,0.379078125
mode_A_fixed_split_fresh_seeds,null,109,fixed_split_3985,0.07,B,level1,0.6975549999999999,0.6260549999999999,0.6975549999999999,0.7944346499999999,0.0,0.07150000000000001,0.09687964999999998,1.0,0.554,0.446,0.0,0.554,0.0,0.552,0.55525,1.0,0.379078125
mode_A_fixed_split_fresh_seeds,null,109,fixed_split_3985,0.07,B,level2,0.6975549999999999,0.6260549999999999,0.6975549999999999,0.7944346499999999,0.0,0.07150000000000001,0.09687964999999998,1.0,0.554,0.446,0.0,0.554,0.0,0.552,0.55525,1.0,0.379078125
mode_A_fixed_split_fresh_seeds,null,109,fixed_split_3985,0.07,B,level3,0.6975549999999999,0.6260549999999999,0.6975549999999999,0.7944346499999999,0.0,0.07150000000000001,0.09687964999999998,1.0,0.554,0.446,0.0,0.554,0.0,0.552,0.55525,1.0,0.379078125
mode_A_fixed_split_fresh_seeds,structured,141,fixed_split_3985,0.03,A,level1,0.7145199999999999,0.72542,0.7145199999999999,0.8335189875,0.0,-0.01090000000000002,0.11899898750000004,1.0,0.476875,0.523125,0.0,0.476875,0.0,0.61878125,0.744375,1.0,0.595453125
mode_A_fixed_split_fresh_seeds,structured,141,fixed_split_3985,0.03,A,level2,0.75152,0.72542,0.7145199999999999,0.8335189875,0.03700000000000003,0.026100000000000012,0.08199898750000001,0.5,0.414375,0.304375,0.28125,0.476875,0.0,0.61878125,0.744375,1.0,0.595453125
mode_A_fixed_split_fresh_seeds,structured,141,fixed_split_3985,0.03,A,level3,0.75152,0.72542,0.7145199999999999,0.8335189875,0.03700000000000003,0.026100000000000012,0.08199898750000001,0.5,0.414375,0.304375,0.28125,0.476875,0.0,0.61878125,0.744375,1.0,0.595453125
mode_A_fixed_split_fresh_seeds,structured,141,fixed_split_3985,0.03,B,level1,0.6904325,0.7210325,0.6904325,0.827347415,0.0,-0.03059999999999996,0.13691491499999997,1.0,0.4435,0.5565,0.0,0.4435,0.0,0.61878125,0.744375,1.0,0.595453125
mode_A_fixed_split_fresh_seeds,structured,141,fixed_split_3985,0.03,B,level2,0.7210325,0.7210325,0.6904325,0.827347415,0.03059999999999996,0.0,0.10631491500000001,0.0,0.5565,0.0,0.4435,0.4435,0.0,0.61878125,0.744375,1.0,0.595453125
mode_A_fixed_split_fresh_seeds,structured,141,fixed_split_3985,0.03,B,level3,0.7210325,0.7210325,0.6904325,0.827347415,0.03059999999999996,0.0,0.10631491500000001,0.0,0.5565,0.0,0.4435,0.4435,0.0,0.61878125,0.744375,1.0,0.595453125
mode_A_fixed_split_fresh_seeds,structured,141,fixed_split_3985,0.05,A,level1,0.72542,0.72542,0.69452,0.8239814875,0.030899999999999928,0.0,0.09856148750000004,0.0,0.523125,0.0,0.476875,0.476875,0.0,0.61878125,0.744375,1.0,0.595453125
mode_A_fixed_split_fresh_seeds,structured,141,fixed_split_3985,0.05,A,level2,0.72542,0.72542,0.69452,0.8239814875,0.030899999999999928,0.0,0.09856148750000004,0.0,0.523125,0.0,0.476875,0.476875,0.0,0.61878125,0.744375,1.0,0.595453125
mode_A_fixed_split_fresh_seeds,structured,141,fixed_split_3985,0.05,A,level3,0.72542,0.72542,0.69452,0.8239814875,0.030899999999999928,0.0,0.09856148750000004,0.0,0.523125,0.0,0.476875,0.476875,0.0,0.61878125,0.744375,1.0,0.595453125
mode_A_fixed_split_fresh_seeds,structured,141,fixed_split_3985,0.05,B,level1,0.7210325,0.7210325,0.6704324999999999,0.8184774149999999,0.05060000000000009,0.0,0.09744491499999997,0.0,0.5565,0.0,0.4435,0.4435,0.0,0.61878125,0.744375,1.0,0.595453125
mode_A_fixed_split_fresh_seeds,structured,141,fixed_split_3985,0.05,B,level2,0.7210325,0.7210325,0.6704324999999999,0.8184774149999999,0.05060000000000009,0.0,0.09744491499999997,0.0,0.5565,0.0,0.4435,0.4435,0.0,0.61878125,0.744375,1.0,0.595453125
mode_A_fixed_split_fresh_seeds,structured,141,fixed_split_3985,0.05,B,level3,0.7210325,0.7210325,0.6704324999999999,0.8184774149999999,0.05060000000000009,0.0,0.09744491499999997,0.0,0.5565,0.0,0.4435,0.4435,0.0,0.61878125,0.744375,1.0,0.595453125
mode_A_fixed_split_fresh_seeds,structured,141,fixed_split_3985,0.07,A,level1,0.72542,0.72542,0.67452,0.8144439874999999,0.050899999999999945,0.0,0.08902398749999996,0.0,0.523125,0.0,0.476875,0.476875,0.0,0.61878125,0.744375,1.0,0.595453125
mode_A_fixed_split_fresh_seeds,structured,141,fixed_split_3985,0.07,A,level2,0.72542,0.72542,0.67452,0.8144439874999999,0.050899999999999945,0.0,0.08902398749999996,0.0,0.523125,0.0,0.476875,0.476875,0.0,0.61878125,0.744375,1.0,0.595453125
mode_A_fixed_split_fresh_seeds,structured,141,fixed_split_3985,0.07,A,level3,0.72542,0.72542,0.67452,0.8144439874999999,0.050899999999999945,0.0,0.08902398749999996,0.0,0.523125,0.0,0.476875,0.476875,0.0,0.61878125,0.744375,1.0,0.595453125
mode_A_fixed_split_fresh_seeds,structured,141,fixed_split_3985,0.07,B,level1,0.7210325,0.7210325,0.6504325,0.809607415,0.0706,0.0,0.08857491500000003,0.0,0.5565,0.0,0.4435,0.4435,0.0,0.61878125,0.744375,1.0,0.595453125
mode_A_fixed_split_fresh_seeds,structured,141,fixed_split_3985,0.07,B,level2,0.7210325,0.7210325,0.6504325,0.809607415,0.0706,0.0,0.08857491500000003,0.0,0.5565,0.0,0.4435,0.4435,0.0,0.61878125,0.744375,1.0,0.595453125
mode_A_fixed_split_fresh_seeds,structured,141,fixed_split_3985,0.07,B,level3,0.7210325,0.7210325,0.6504325,0.809607415,0.0706,0.0,0.08857491500000003,0.0,0.5565,0.0,0.4435,0.4435,0.0,0.61878125,0.744375,1.0,0.595453125
mode_A_fixed_split_fresh_seeds,null,141,fixed_split_3985,0.03,A,level1,0.73611,0.62291,0.73611,0.81339711,0.0,0.11320000000000008,0.07728710999999999,1.0,0.54875,0.45125,0.0,0.54875,0.0,0.5554375,0.5584375,1.0,0.378578125
mode_A_fixed_split_fresh_seeds,null,141,fixed_split_3985,0.03,A,level2,0.73611,0.62291,0.73611,0.81339711,0.0,0.11320000000000008,0.07728710999999999,1.0,0.54875,0.45125,0.0,0.54875,0.0,0.5554375,0.5584375,1.0,0.378578125
mode_A_fixed_split_fresh_seeds,null,141,fixed_split_3985,0.03,A,level3,0.73611,0.62291,0.73611,0.81339711,0.0,0.11320000000000008,0.07728710999999999,1.0,0.54875,0.45125,0.0,0.54875,0.0,0.5554375,0.5584375,1.0,0.378578125
mode_A_fixed_split_fresh_seeds,null,141,fixed_split_3985,0.03,B,level1,0.7392225,0.6294224999999999,0.7392225,0.81895910625,0.0,0.10980000000000012,0.07973660625000001,1.0,0.5565,0.4435,0.0,0.5565,0.0,0.5554375,0.5584375,1.0,0.378578125
mode_A_fixed_split_fresh_seeds,null,141,fixed_split_3985,0.03,B,level2,0.7392225,0.6294224999999999,0.7392225,0.81895910625,0.0,0.10980000000000012,0.07973660625000001,1.0,0.5565,0.4435,0.0,0.5565,0.0,0.5554375,0.5584375,1.0,0.378578125
mode_A_fixed_split_fresh_seeds,null,141,fixed_split_3985,0.03,B,level3,0.7392225,0.6294224999999999,0.7392225,0.81895910625,0.0,0.10980000000000012,0.07973660625000001,1.0,0.5565,0.4435,0.0,0.5565,0.0,0.5554375,0.5584375,1.0,0.378578125
mode_A_fixed_split_fresh_seeds,null,141,fixed_split_3985,0.05,A,level1,0.7161099999999999,0.62291,0.7161099999999999,0.80242211,0.0,0.09319999999999995,0.08631211000000005,1.0,0.54875,0.45125,0.0,0.54875,0.0,0.5554375,0.5584375,1.0,0.378578125
mode_A_fixed_split_fresh_seeds,null,141,fixed_split_3985,0.05,A,level2,0.7161099999999999,0.62291,0.7161099999999999,0.80242211,0.0,0.09319999999999995,0.08631211000000005,1.0,0.54875,0.45125,0.0,0.54875,0.0,0.5554375,0.5584375,1.0,0.378578125
mode_A_fixed_split_fresh_seeds,null,141,fixed_split_3985,0.05,A,level3,0.7161099999999999,0.62291,0.7161099999999999,0.80242211,0.0,0.09319999999999995,0.08631211000000005,1.0,0.54875,0.45125,0.0,0.54875,0.0,0.5554375,0.5584375,1.0,0.378578125
mode_A_fixed_split_fresh_seeds,null,141,fixed_split_3985,0.05,B,level1,0.7192225,0.6294224999999999,0.7192225,0.80782910625,0.0,0.0898000000000001,0.08860660625000005,1.0,0.5565,0.4435,0.0,0.5565,0.0,0.5554375,0.5584375,1.0,0.378578125
mode_A_fixed_split_fresh_seeds,null,141,fixed_split_3985,0.05,B,level2,0.7192225,0.6294224999999999,0.7192225,0.80782910625,0.0,0.0898000000000001,0.08860660625000005,1.0,0.5565,0.4435,0.0,0.5565,0.0,0.5554375,0.5584375,1.0,0.378578125
mode_A_fixed_split_fresh_seeds,null,141,fixed_split_3985,0.05,B,level3,0.7192225,0.6294224999999999,0.7192225,0.80782910625,0.0,0.0898000000000001,0.08860660625000005,1.0,0.5565,0.4435,0.0,0.5565,0.0,0.5554375,0.5584375,1.0,0.378578125
mode_A_fixed_split_fresh_seeds,null,141,fixed_split_3985,0.07,A,level1,0.69611,0.62291,0.69611,0.7914471099999999,0.0,0.07320000000000004,0.09533710999999989,1.0,0.54875,0.45125,0.0,0.54875,0.0,0.5554375,0.5584375,1.0,0.378578125
mode_A_fixed_split_fresh_seeds,null,141,fixed_split_3985,0.07,A,level2,0.69611,0.62291,0.69611,0.7914471099999999,0.0,0.07320000000000004,0.09533710999999989,1.0,0.54875,0.45125,0.0,0.54875,0.0,0.5554375,0.5584375,1.0,0.378578125
mode_A_fixed_split_fresh_seeds,null,141,fixed_split_3985,0.07,A,level3,0.69611,0.62291,0.69611,0.7914471099999999,0.0,0.07320000000000004,0.09533710999999989,1.0,0.54875,0.45125,0.0,0.54875,0.0,0.5554375,0.5584375,1.0,0.378578125
mode_A_fixed_split_fresh_seeds,null,141,fixed_split_3985,0.07,B,level1,0.6992225,0.6294224999999999,0.6992225,0.7966991062499998,0.0,0.06980000000000008,0.09747660624999988,1.0,0.5565,0.4435,0.0,0.5565,0.0,0.5554375,0.5584375,1.0,0.378578125
mode_A_fixed_split_fresh_seeds,null,141,fixed_split_3985,0.07,B,level2,0.6992225,0.6294224999999999,0.6992225,0.7966991062499998,0.0,0.06980000000000008,0.09747660624999988,1.0,0.5565,0.4435,0.0,0.5565,0.0,0.5554375,0.5584375,1.0,0.378578125
mode_A_fixed_split_fresh_seeds,null,141,fixed_split_3985,0.07,B,level3,0.6992225,0.6294224999999999,0.6992225,0.7966991062499998,0.0,0.06980000000000008,0.09747660624999988,1.0,0.5565,0.4435,0.0,0.5565,0.0,0.5554375,0.5584375,1.0,0.378578125
mode_A_fixed_split_fresh_seeds,structured,207,fixed_split_3985,0.03,A,level1,0.7188275,0.7326275,0.7188275,0.8372849193749999,0.0,-0.013800000000000034,0.11845741937499998,1.0,0.483625,0.516375,0.0,0.483625,0.0,0.61334375,0.736625,1.0,0.5971875
mode_A_fixed_split_fresh_seeds,structured,207,fixed_split_3985,0.03,A,level2,0.7557275,0.7326275,0.7188275,0.8372849193749999,0.036900000000000044,0.02310000000000001,0.08155741937499994,0.5,0.401125,0.307625,0.29125,0.483625,0.0,0.61334375,0.736625,1.0,0.5971875
mode_A_fixed_split_fresh_seeds,structured,207,fixed_split_3985,0.03,A,level3,0.7557275,0.7326275,0.7188275,0.8372849193749999,0.036900000000000044,0.02310000000000001,0.08155741937499994,0.5,0.401125,0.307625,0.29125,0.483625,0.0,0.61334375,0.736625,1.0,0.5971875
mode_A_fixed_split_fresh_seeds,structured,207,fixed_split_3985,0.03,B,level1,0.6877525,0.7264525,0.6877525,0.8276584625000001,0.0,-0.03869999999999996,0.1399059625000001,1.0,0.43825,0.56175,0.0,0.43825,0.0,0.61334375,0.736625,1.0,0.5971875
mode_A_fixed_split_fresh_seeds,structured,207,fixed_split_3985,0.03,B,level2,0.7264525,0.7264525,0.6877525,0.8276584625000001,0.03869999999999996,0.0,0.10120596250000014,0.0,0.56175,0.0,0.43825,0.43825,0.0,0.61334375,0.736625,1.0,0.5971875
mode_A_fixed_split_fresh_seeds,structured,207,fixed_split_3985,0.03,B,level3,0.7264525,0.7264525,0.6877525,0.8276584625000001,0.03869999999999996,0.0,0.10120596250000014,0.0,0.56175,0.0,0.43825,0.43825,0.0,0.61334375,0.736625,1.0,0.5971875
mode_A_fixed_split_fresh_seeds,structured,207,fixed_split_3985,0.05,A,level1,0.7326275,0.7326275,0.6988274999999999,0.827612419375,0.03380000000000005,0.0,0.09498491937499998,0.0,0.516375,0.0,0.483625,0.483625,0.0,0.61334375,0.736625,1.0,0.5971875
mode_A_fixed_split_fresh_seeds,structured,207,fixed_split_3985,0.05,A,level2,0.7326275,0.7326275,0.6988274999999999,0.827612419375,0.03380000000000005,0.0,0.09498491937499998,0.0,0.516375,0.0,0.483625,0.483625,0.0,0.61334375,0.736625,1.0,0.5971875
mode_A_fixed_split_fresh_seeds,structured,207,fixed_split_3985,0.05,A,level3,0.7326275,0.7326275,0.6988274999999999,0.827612419375,0.03380000000000005,0.0,0.09498491937499998,0.0,0.516375,0.0,0.483625,0.483625,0.0,0.61334375,0.736625,1.0,0.5971875
mode_A_fixed_split_fresh_seeds,structured,207,fixed_split_3985,0.05,B,level1,0.7264525,0.7264525,0.6677525,0.8188934625,0.058699999999999974,0.0,0.0924409625,0.0,0.56175,0.0,0.43825,0.43825,0.0,0.61334375,0.736625,1.0,0.5971875
mode_A_fixed_split_fresh_seeds,structured,207,fixed_split_3985,0.05,B,level2,0.7264525,0.7264525,0.6677525,0.8188934625,0.058699999999999974,0.0,0.0924409625,0.0,0.56175,0.0,0.43825,0.43825,0.0,0.61334375,0.736625,1.0,0.5971875
mode_A_fixed_split_fresh_seeds,structured,207,fixed_split_3985,0.05,B,level3,0.7264525,0.7264525,0.6677525,0.8188934625,0.058699999999999974,0.0,0.0924409625,0.0,0.56175,0.0,0.43825,0.43825,0.0,0.61334375,0.736625,1.0,0.5971875
mode_A_fixed_split_fresh_seeds,structured,207,fixed_split_3985,0.07,A,level1,0.7326275,0.7326275,0.6788275,0.8179399193749999,0.05379999999999996,0.0,0.08531241937499989,0.0,0.516375,0.0,0.483625,0.483625,0.0,0.61334375,0.736625,1.0,0.5971875
mode_A_fixed_split_fresh_seeds,structured,207,fixed_split_3985,0.07,A,level2,0.7326275,0.7326275,0.6788275,0.8179399193749999,0.05379999999999996,0.0,0.08531241937499989,0.0,0.516375,0.0,0.483625,0.483625,0.0,0.61334375,0.736625,1.0,0.5971875
mode_A_fixed_split_fresh_seeds,structured,207,fixed_split_3985,0.07,A,level3,0.7326275,0.7326275,0.6788275,0.8179399193749999,0.05379999999999996,0.0,0.08531241937499989,0.0,0.516375,0.0,0.483625,0.483625,0.0,0.61334375,0.736625,1.0,0.5971875
mode_A_fixed_split_fresh_seeds,structured,207,fixed_split_3985,0.07,B,level1,0.7264525,0.7264525,0.6477525,0.8101284624999999,0.07869999999999999,0.0,0.08367596249999998,0.0,0.56175,0.0,0.43825,0.43825,0.0,0.61334375,0.736625,1.0,0.5971875
mode_A_fixed_split_fresh_seeds,structured,207,fixed_split_3985,0.07,B,level2,0.7264525,0.7264525,0.6477525,0.8101284624999999,0.07869999999999999,0.0,0.08367596249999998,0.0,0.56175,0.0,0.43825,0.43825,0.0,0.61334375,0.736625,1.0,0.5971875
mode_A_fixed_split_fresh_seeds,structured,207,fixed_split_3985,0.07,B,level3,0.7264525,0.7264525,0.6477525,0.8101284624999999,0.07869999999999999,0.0,0.08367596249999998,0.0,0.56175,0.0,0.43825,0.43825,0.0,0.61334375,0.736625,1.0,0.5971875
mode_A_fixed_split_fresh_seeds,null,207,fixed_split_3985,0.03,A,level1,0.7414225,0.6246225000000001,0.7414225,0.819397995625,0.0,0.1167999999999999,0.07797549562500006,1.0,0.564,0.436,0.0,0.564,0.0,0.55678125,0.5603125,1.0,0.3776875
mode_A_fixed_split_fresh_seeds,null,207,fixed_split_3985,0.03,A,level2,0.7414225,0.6246225000000001,0.7414225,0.819397995625,0.0,0.1167999999999999,0.07797549562500006,1.0,0.564,0.436,0.0,0.564,0.0,0.55678125,0.5603125,1.0,0.3776875
mode_A_fixed_split_fresh_seeds,null,207,fixed_split_3985,0.03,A,level3,0.7414225,0.6246225000000001,0.7414225,0.819397995625,0.0,0.1167999999999999,0.07797549562500006,1.0,0.564,0.436,0.0,0.564,0.0,0.55678125,0.5603125,1.0,0.3776875
mode_A_fixed_split_fresh_seeds,null,207,fixed_split_3985,0.03,B,level1,0.7349124999999999,0.6185124999999999,0.7349124999999999,0.811295243125,0.0,0.11639999999999995,0.07638274312500015,1.0,0.5485,0.4515,0.0,0.5485,0.0,0.55678125,0.5603125,1.0,0.3776875
mode_A_fixed_split_fresh_seeds,null,207,fixed_split_3985,0.03,B,level2,0.7349124999999999,0.6185124999999999,0.7349124999999999,0.811295243125,0.0,0.11639999999999995,0.07638274312500015,1.0,0.5485,0.4515,0.0,0.5485,0.0,0.55678125,0.5603125,1.0,0.3776875
mode_A_fixed_split_fresh_seeds,null,207,fixed_split_3985,0.03,B,level3,0.7349124999999999,0.6185124999999999,0.7349124999999999,0.811295243125,0.0,0.11639999999999995,0.07638274312500015,1.0,0.5485,0.4515,0.0,0.5485,0.0,0.55678125,0.5603125,1.0,0.3776875
mode_A_fixed_split_fresh_seeds,null,207,fixed_split_3985,0.05,A,level1,0.7214224999999999,0.6246225000000001,0.7214224999999999,0.808117995625,0.0,0.09679999999999978,0.08669549562500012,1.0,0.564,0.436,0.0,0.564,0.0,0.55678125,0.5603125,1.0,0.3776875
mode_A_fixed_split_fresh_seeds,null,207,fixed_split_3985,0.05,A,level2,0.7214224999999999,0.6246225000000001,0.7214224999999999,0.808117995625,0.0,0.09679999999999978,0.08669549562500012,1.0,0.564,0.436,0.0,0.564,0.0,0.55678125,0.5603125,1.0,0.3776875
mode_A_fixed_split_fresh_seeds,null,207,fixed_split_3985,0.05,A,level3,0.7214224999999999,0.6246225000000001,0.7214224999999999,0.808117995625,0.0,0.09679999999999978,0.08669549562500012,1.0,0.564,0.436,0.0,0.564,0.0,0.55678125,0.5603125,1.0,0.3776875
mode_A_fixed_split_fresh_seeds,null,207,fixed_split_3985,0.05,B,level1,0.7149125,0.6185124999999999,0.7149125,0.800325243125,0.0,0.09640000000000004,0.08541274312500002,1.0,0.5485,0.4515,0.0,0.5485,0.0,0.55678125,0.5603125,1.0,0.3776875
mode_A_fixed_split_fresh_seeds,null,207,fixed_split_3985,0.05,B,level2,0.7149125,0.6185124999999999,0.7149125,0.800325243125,0.0,0.09640000000000004,0.08541274312500002,1.0,0.5485,0.4515,0.0,0.5485,0.0,0.55678125,0.5603125,1.0,0.3776875
mode_A_fixed_split_fresh_seeds,null,207,fixed_split_3985,0.05,B,level3,0.7149125,0.6185124999999999,0.7149125,0.800325243125,0.0,0.09640000000000004,0.08541274312500002,1.0,0.5485,0.4515,0.0,0.5485,0.0,0.55678125,0.5603125,1.0,0.3776875
mode_A_fixed_split_fresh_seeds,null,207,fixed_split_3985,0.07,A,level1,0.7014225000000001,0.6246225000000001,0.7014225000000001,0.796837995625,0.0,0.07679999999999998,0.09541549562499996,1.0,0.564,0.436,0.0,0.564,0.0,0.55678125,0.5603125,1.0,0.3776875
mode_A_fixed_split_fresh_seeds,null,207,fixed_split_3985,0.07,A,level2,0.7014225000000001,0.6246225000000001,0.7014225000000001,0.796837995625,0.0,0.07679999999999998,0.09541549562499996,1.0,0.564,0.436,0.0,0.564,0.0,0.55678125,0.5603125,1.0,0.3776875
mode_A_fixed_split_fresh_seeds,null,207,fixed_split_3985,0.07,A,level3,0.7014225000000001,0.6246225000000001,0.7014225000000001,0.796837995625,0.0,0.07679999999999998,0.09541549562499996,1.0,0.564,0.436,0.0,0.564,0.0,0.55678125,0.5603125,1.0,0.3776875
mode_A_fixed_split_fresh_seeds,null,207,fixed_split_3985,0.07,B,level1,0.6949125,0.6185124999999999,0.6949125,0.7893552431249999,0.0,0.07640000000000013,0.0944427431249999,1.0,0.5485,0.4515,0.0,0.5485,0.0,0.55678125,0.5603125,1.0,0.3776875
mode_A_fixed_split_fresh_seeds,null,207,fixed_split_3985,0.07,B,level2,0.6949125,0.6185124999999999,0.6949125,0.7893552431249999,0.0,0.07640000000000013,0.0944427431249999,1.0,0.5485,0.4515,0.0,0.5485,0.0,0.55678125,0.5603125,1.0,0.3776875
mode_A_fixed_split_fresh_seeds,null,207,fixed_split_3985,0.07,B,level3,0.6949125,0.6185124999999999,0.6949125,0.7893552431249999,0.0,0.07640000000000013,0.0944427431249999,1.0,0.5485,0.4515,0.0,0.5485,0.0,0.55678125,0.5603125,1.0,0.3776875
mode_A_fixed_split_fresh_seeds,structured,303,fixed_split_3985,0.03,A,level1,0.715135,0.729235,0.715135,0.83439655625,0.0,-0.014100000000000001,0.11926155625000001,1.0,0.475625,0.524375,0.0,0.475625,0.0,0.618625,0.746875,1.0,0.59734375
mode_A_fixed_split_fresh_seeds,structured,303,fixed_split_3985,0.03,A,level2,0.750835,0.729235,0.715135,0.83439655625,0.035700000000000065,0.021600000000000064,0.08356155624999995,0.5,0.406125,0.309125,0.28475,0.475625,0.0,0.618625,0.746875,1.0,0.59734375
mode_A_fixed_split_fresh_seeds,structured,303,fixed_split_3985,0.03,A,level3,0.715135,0.729235,0.715135,0.83439655625,0.0,-0.014100000000000001,0.11926155625000001,1.0,0.475625,0.524375,0.0,0.475625,0.0,0.618625,0.746875,1.0,0.59734375
mode_A_fixed_split_fresh_seeds,structured,303,fixed_split_3985,0.03,B,level1,0.6906074999999999,0.7252075,0.6906074999999999,0.828173438125,0.0,-0.034600000000000075,0.13756593812500006,1.0,0.443125,0.556875,0.0,0.443125,0.0,0.618625,0.746875,1.0,0.59734375
mode_A_fixed_split_fresh_seeds,structured,303,fixed_split_3985,0.03,B,level2,0.7252075,0.7252075,0.6906074999999999,0.828173438125,0.034600000000000075,0.0,0.10296593812499999,0.0,0.556875,0.0,0.443125,0.443125,0.0,0.618625,0.746875,1.0,0.59734375
mode_A_fixed_split_fresh_seeds,structured,303,fixed_split_3985,0.03,B,level3,0.7252075,0.7252075,0.6906074999999999,0.828173438125,0.034600000000000075,0.0,0.10296593812499999,0.0,0.556875,0.0,0.443125,0.443125,0.0,0.618625,0.746875,1.0,0.59734375
mode_A_fixed_split_fresh_seeds,structured,303,fixed_split_3985,0.05,A,level1,0.729235,0.729235,0.695135,0.8248840562499999,0.03410000000000002,0.0,0.09564905624999998,0.0,0.524375,0.0,0.475625,0.475625,0.0,0.618625,0.746875,1.0,0.59734375
mode_A_fixed_split_fresh_seeds,structured,303,fixed_split_3985,0.05,A,level2,0.729235,0.729235,0.695135,0.8248840562499999,0.03410000000000002,0.0,0.09564905624999998,0.0,0.524375,0.0,0.475625,0.475625,0.0,0.618625,0.746875,1.0,0.59734375
mode_A_fixed_split_fresh_seeds,structured,303,fixed_split_3985,0.05,A,level3,0.729235,0.729235,0.695135,0.8248840562499999,0.03410000000000002,0.0,0.09564905624999998,0.0,0.524375,0.0,0.475625,0.475625,0.0,0.618625,0.746875,1.0,0.59734375
mode_A_fixed_split_fresh_seeds,structured,303,fixed_split_3985,0.05,B,level1,0.7252075,0.7252075,0.6706074999999999,0.819310938125,0.05460000000000009,0.0,0.094103438125,0.0,0.556875,0.0,0.443125,0.443125,0.0,0.618625,0.746875,1.0,0.59734375
mode_A_fixed_split_fresh_seeds,structured,303,fixed_split_3985,0.05,B,level2,0.7252075,0.7252075,0.6706074999999999,0.819310938125,0.05460000000000009,0.0,0.094103438125,0.0,0.556875,0.0,0.443125,0.443125,0.0,0.618625,0.746875,1.0,0.59734375
mode_A_fixed_split_fresh_seeds,structured,303,fixed_split_3985,0.05,B,level3,0.7252075,0.7252075,0.6706074999999999,0.819310938125,0.05460000000000009,0.0,0.094103438125,0.0,0.556875,0.0,0.443125,0.443125,0.0,0.618625,0.746875,1.0,0.59734375
mode_A_fixed_split_fresh_seeds,structured,303,fixed_split_3985,0.07,A,level1,0.729235,0.729235,0.675135,0.81537155625,0.054099999999999926,0.0,0.08613655625000005,0.0,0.524375,0.0,0.475625,0.475625,0.0,0.618625,0.746875,1.0,0.59734375
mode_A_fixed_split_fresh_seeds,structured,303,fixed_split_3985,0.07,A,level2,0.729235,0.729235,0.675135,0.81537155625,0.054099999999999926,0.0,0.08613655625000005,0.0,0.524375,0.0,0.475625,0.475625,0.0,0.618625,0.746875,1.0,0.59734375
mode_A_fixed_split_fresh_seeds,structured,303,fixed_split_3985,0.07,A,level3,0.729235,0.729235,0.675135,0.81537155625,0.054099999999999926,0.0,0.08613655625000005,0.0,0.524375,0.0,0.475625,0.475625,0.0,0.618625,0.746875,1.0,0.59734375
mode_A_fixed_split_fresh_seeds,structured,303,fixed_split_3985,0.07,B,level1,0.7252075,0.7252075,0.6506075,0.8104484381249999,0.0746,0.0,0.08524093812499989,0.0,0.556875,0.0,0.443125,0.443125,0.0,0.618625,0.746875,1.0,0.59734375
mode_A_fixed_split_fresh_seeds,structured,303,fixed_split_3985,0.07,B,level2,0.7252075,0.7252075,0.6506075,0.8104484381249999,0.0746,0.0,0.08524093812499989,0.0,0.556875,0.0,0.443125,0.443125,0.0,0.618625,0.746875,1.0,0.59734375
mode_A_fixed_split_fresh_seeds,structured,303,fixed_split_3985,0.07,B,level3,0.7252075,0.7252075,0.6506075,0.8104484381249999,0.0746,0.0,0.08524093812499989,0.0,0.556875,0.0,0.443125,0.443125,0.0,0.618625,0.746875,1.0,0.59734375
mode_A_fixed_split_fresh_seeds,null,303,fixed_split_3985,0.03,A,level1,0.7378625,0.6292625000000001,0.7378625,0.81943456125,0.0,0.10859999999999992,0.08157206125000005,1.0,0.558125,0.441875,0.0,0.558125,0.0,0.5578125,0.561,1.0,0.378796875
mode_A_fixed_split_fresh_seeds,null,303,fixed_split_3985,0.03,A,level2,0.7378625,0.6292625000000001,0.7378625,0.81943456125,0.0,0.10859999999999992,0.08157206125000005,1.0,0.558125,0.441875,0.0,0.558125,0.0,0.5578125,0.561,1.0,0.378796875
mode_A_fixed_split_fresh_seeds,null,303,fixed_split_3985,0.03,A,level3,0.7378625,0.6292625000000001,0.7378625,0.81943456125,0.0,0.10859999999999992,0.08157206125000005,1.0,0.558125,0.441875,0.0,0.558125,0.0,0.5578125,0.561,1.0,0.378796875
mode_A_fixed_split_fresh_seeds,null,303,fixed_split_3985,0.03,B,level1,0.73387,0.62217,0.73387,0.8117825325,0.0,0.11170000000000002,0.07791253249999996,1.0,0.545,0.455,0.0,0.545,0.0,0.5578125,0.561,1.0,0.378796875
mode_A_fixed_split_fresh_seeds,null,303,fixed_split_3985,0.03,B,level2,0.73387,0.62217,0.73387,0.8117825325,0.0,0.11170000000000002,0.07791253249999996,1.0,0.545,0.455,0.0,0.545,0.0,0.5578125,0.561,1.0,0.378796875
mode_A_fixed_split_fresh_seeds,null,303,fixed_split_3985,0.03,B,level3,0.73387,0.62217,0.73387,0.8117825325,0.0,0.11170000000000002,0.07791253249999996,1.0,0.545,0.455,0.0,0.545,0.0,0.5578125,0.561,1.0,0.378796875
mode_A_fixed_split_fresh_seeds,null,303,fixed_split_3985,0.05,A,level1,0.7178625,0.6292625000000001,0.7178625,0.80827206125,0.0,0.0885999999999999,0.09040956124999999,1.0,0.558125,0.441875,0.0,0.558125,0.0,0.5578125,0.561,1.0,0.378796875
mode_A_fixed_split_fresh_seeds,null,303,fixed_split_3985,0.05,A,level2,0.7178625,0.6292625000000001,0.7178625,0.80827206125,0.0,0.0885999999999999,0.09040956124999999,1.0,0.558125,0.441875,0.0,0.558125,0.0,0.5578125,0.561,1.0,0.378796875
mode_A_fixed_split_fresh_seeds,null,303,fixed_split_3985,0.05,A,level3,0.7178625,0.6292625000000001,0.7178625,0.80827206125,0.0,0.0885999999999999,0.09040956124999999,1.0,0.558125,0.441875,0.0,0.558125,0.0,0.5578125,0.561,1.0,0.378796875
mode_A_fixed_split_fresh_seeds,null,303,fixed_split_3985,0.05,B,level1,0.71387,0.62217,0.71387,0.8008825325000001,0.0,0.0917,0.08701253250000007,1.0,0.545,0.455,0.0,0.545,0.0,0.5578125,0.561,1.0,0.378796875
mode_A_fixed_split_fresh_seeds,null,303,fixed_split_3985,0.05,B,level2,0.71387,0.62217,0.71387,0.8008825325000001,0.0,0.0917,0.08701253250000007,1.0,0.545,0.455,0.0,0.545,0.0,0.5578125,0.561,1.0,0.378796875
mode_A_fixed_split_fresh_seeds,null,303,fixed_split_3985,0.05,B,level3,0.71387,0.62217,0.71387,0.8008825325000001,0.0,0.0917,0.08701253250000007,1.0,0.545,0.455,0.0,0.545,0.0,0.5578125,0.561,1.0,0.378796875
mode_A_fixed_split_fresh_seeds,null,303,fixed_split_3985,0.07,A,level1,0.6978624999999999,0.6292625000000001,0.6978624999999999,0.79710956125,0.0,0.06859999999999988,0.09924706125000005,1.0,0.558125,0.441875,0.0,0.558125,0.0,0.5578125,0.561,1.0,0.378796875
mode_A_fixed_split_fresh_seeds,null,303,fixed_split_3985,0.07,A,level2,0.6978624999999999,0.6292625000000001,0.6978624999999999,0.79710956125,0.0,0.06859999999999988,0.09924706125000005,1.0,0.558125,0.441875,0.0,0.558125,0.0,0.5578125,0.561,1.0,0.378796875
mode_A_fixed_split_fresh_seeds,null,303,fixed_split_3985,0.07,A,level3,0.6978624999999999,0.6292625000000001,0.6978624999999999,0.79710956125,0.0,0.06859999999999988,0.09924706125000005,1.0,0.558125,0.441875,0.0,0.558125,0.0,0.5578125,0.561,1.0,0.378796875
mode_A_fixed_split_fresh_seeds,null,303,fixed_split_3985,0.07,B,level1,0.69387,0.62217,0.69387,0.7899825325,0.0,0.07169999999999999,0.09611253249999996,1.0,0.545,0.455,0.0,0.545,0.0,0.5578125,0.561,1.0,0.378796875
mode_A_fixed_split_fresh_seeds,null,303,fixed_split_3985,0.07,B,level2,0.69387,0.62217,0.69387,0.7899825325,0.0,0.07169999999999999,0.09611253249999996,1.0,0.545,0.455,0.0,0.545,0.0,0.5578125,0.561,1.0,0.378796875
mode_A_fixed_split_fresh_seeds,null,303,fixed_split_3985,0.07,B,level3,0.69387,0.62217,0.69387,0.7899825325,0.0,0.07169999999999999,0.09611253249999996,1.0,0.545,0.455,0.0,0.545,0.0,0.5578125,0.561,1.0,0.378796875
mode_A_fixed_split_fresh_seeds,structured,404,fixed_split_3985,0.03,A,level1,0.7162075,0.7268075,0.7162075,0.834109503125,0.0,-0.010600000000000054,0.11790200312499999,1.0,0.4775,0.5225,0.0,0.4775,0.0,0.61821875,0.747,1.0,0.602046875
mode_A_fixed_split_fresh_seeds,structured,404,fixed_split_3985,0.03,A,level2,0.7524075,0.7268075,0.7162075,0.834109503125,0.03620000000000001,0.025599999999999956,0.08170200312499998,0.5,0.41125,0.305625,0.283125,0.4775,0.0,0.61821875,0.747,1.0,0.602046875
mode_A_fixed_split_fresh_seeds,structured,404,fixed_split_3985,0.03,A,level3,0.7162075,0.7268075,0.7162075,0.834109503125,0.0,-0.010600000000000054,0.11790200312499999,1.0,0.4775,0.5225,0.0,0.4775,0.0,0.61821875,0.747,1.0,0.602046875
mode_A_fixed_split_fresh_seeds,structured,404,fixed_split_3985,0.03,B,level1,0.6935825,0.7295825,0.6935825,0.83193843625,0.0,-0.03600000000000003,0.13835593624999998,1.0,0.451,0.549,0.0,0.451,0.0,0.61821875,0.747,1.0,0.602046875
mode_A_fixed_split_fresh_seeds,structured,404,fixed_split_3985,0.03,B,level2,0.7295825,0.7295825,0.6935825,0.83193843625,0.03600000000000003,0.0,0.10235593624999995,0.0,0.549,0.0,0.451,0.451,0.0,0.61821875,0.747,1.0,0.602046875
mode_A_fixed_split_fresh_seeds,structured,404,fixed_split_3985,0.03,B,level3,0.7295825,0.7295825,0.6935825,0.83193843625,0.03600000000000003,0.0,0.10235593624999995,0.0,0.549,0.0,0.451,0.451,0.0,0.61821875,0.747,1.0,0.602046875
mode_A_fixed_split_fresh_seeds,structured,404,fixed_split_3985,0.05,A,level1,0.7268075,0.7268075,0.6962075,0.824559503125,0.03060000000000007,0.0,0.09775200312499999,0.0,0.5225,0.0,0.4775,0.4775,0.0,0.61821875,0.747,1.0,0.602046875
mode_A_fixed_split_fresh_seeds,structured,404,fixed_split_3985,0.05,A,level2,0.7268075,0.7268075,0.6962075,0.824559503125,0.03060000000000007,0.0,0.09775200312499999,0.0,0.5225,0.0,0.4775,0.4775,0.0,0.61821875,0.747,1.0,0.602046875
mode_A_fixed_split_fresh_seeds,structured,404,fixed_split_3985,0.05,A,level3,0.7268075,0.7268075,0.6962075,0.824559503125,0.03060000000000007,0.0,0.09775200312499999,0.0,0.5225,0.0,0.4775,0.4775,0.0,0.61821875,0.747,1.0,0.602046875
mode_A_fixed_split_fresh_seeds,structured,404,fixed_split_3985,0.05,B,level1,0.7295825,0.7295825,0.6735825,0.82291843625,0.05600000000000005,0.0,0.09333593625000003,0.0,0.549,0.0,0.451,0.451,0.0,0.61821875,0.747,1.0,0.602046875
mode_A_fixed_split_fresh_seeds,structured,404,fixed_split_3985,0.05,B,level2,0.7295825,0.7295825,0.6735825,0.82291843625,0.05600000000000005,0.0,0.09333593625000003,0.0,0.549,0.0,0.451,0.451,0.0,0.61821875,0.747,1.0,0.602046875
mode_A_fixed_split_fresh_seeds,structured,404,fixed_split_3985,0.05,B,level3,0.7295825,0.7295825,0.6735825,0.82291843625,0.05600000000000005,0.0,0.09333593625000003,0.0,0.549,0.0,0.451,0.451,0.0,0.61821875,0.747,1.0,0.602046875
mode_A_fixed_split_fresh_seeds,structured,404,fixed_split_3985,0.07,A,level1,0.7268075,0.7268075,0.6762075,0.815009503125,0.05060000000000009,0.0,0.08820200312499993,0.0,0.5225,0.0,0.4775,0.4775,0.0,0.61821875,0.747,1.0,0.602046875
mode_A_fixed_split_fresh_seeds,structured,404,fixed_split_3985,0.07,A,level2,0.7268075,0.7268075,0.6762075,0.815009503125,0.05060000000000009,0.0,0.08820200312499993,0.0,0.5225,0.0,0.4775,0.4775,0.0,0.61821875,0.747,1.0,0.602046875
mode_A_fixed_split_fresh_seeds,structured,404,fixed_split_3985,0.07,A,level3,0.7268075,0.7268075,0.6762075,0.815009503125,0.05060000000000009,0.0,0.08820200312499993,0.0,0.5225,0.0,0.4775,0.4775,0.0,0.61821875,0.747,1.0,0.602046875
mode_A_fixed_split_fresh_seeds,structured,404,fixed_split_3985,0.07,B,level1,0.7295825,0.7295825,0.6535825,0.8138984362499999,0.07600000000000007,0.0,0.08431593624999989,0.0,0.549,0.0,0.451,0.451,0.0,0.61821875,0.747,1.0,0.602046875
mode_A_fixed_split_fresh_seeds,structured,404,fixed_split_3985,0.07,B,level2,0.7295825,0.7295825,0.6535825,0.8138984362499999,0.07600000000000007,0.0,0.08431593624999989,0.0,0.549,0.0,0.451,0.451,0.0,0.61821875,0.747,1.0,0.602046875
mode_A_fixed_split_fresh_seeds,structured,404,fixed_split_3985,0.07,B,level3,0.7295825,0.7295825,0.6535825,0.8138984362499999,0.07600000000000007,0.0,0.08431593624999989,0.0,0.549,0.0,0.451,0.451,0.0,0.61821875,0.747,1.0,0.602046875
mode_A_fixed_split_fresh_seeds,null,404,fixed_split_3985,0.03,A,level1,0.73202,0.62772,0.73202,0.8138838462499999,0.0,0.10430000000000006,0.08186384624999987,1.0,0.543875,0.456125,0.0,0.543875,0.0,0.55209375,0.5564375,1.0,0.379796875
mode_A_fixed_split_fresh_seeds,null,404,fixed_split_3985,0.03,A,level2,0.73202,0.62772,0.73202,0.8138838462499999,0.0,0.10430000000000006,0.08186384624999987,1.0,0.543875,0.456125,0.0,0.543875,0.0,0.55209375,0.5564375,1.0,0.379796875
mode_A_fixed_split_fresh_seeds,null,404,fixed_split_3985,0.03,A,level3,0.73202,0.62772,0.73202,0.8138838462499999,0.0,0.10430000000000006,0.08186384624999987,1.0,0.543875,0.456125,0.0,0.543875,0.0,0.55209375,0.5564375,1.0,0.379796875
mode_A_fixed_split_fresh_seeds,null,404,fixed_split_3985,0.03,B,level1,0.7353774999999999,0.6323774999999999,0.7353774999999999,0.818300015,0.0,0.10299999999999998,0.08292251500000014,1.0,0.550625,0.449375,0.0,0.550625,0.0,0.55209375,0.5564375,1.0,0.379796875
mode_A_fixed_split_fresh_seeds,null,404,fixed_split_3985,0.03,B,level2,0.7353774999999999,0.6323774999999999,0.7353774999999999,0.818300015,0.0,0.10299999999999998,0.08292251500000014,1.0,0.550625,0.449375,0.0,0.550625,0.0,0.55209375,0.5564375,1.0,0.379796875
mode_A_fixed_split_fresh_seeds,null,404,fixed_split_3985,0.03,B,level3,0.7353774999999999,0.6323774999999999,0.7353774999999999,0.818300015,0.0,0.10299999999999998,0.08292251500000014,1.0,0.550625,0.449375,0.0,0.550625,0.0,0.55209375,0.5564375,1.0,0.379796875
mode_A_fixed_split_fresh_seeds,null,404,fixed_split_3985,0.05,A,level1,0.71202,0.62772,0.71202,0.80300634625,0.0,0.08430000000000004,0.09098634625000002,1.0,0.543875,0.456125,0.0,0.543875,0.0,0.55209375,0.5564375,1.0,0.379796875
mode_A_fixed_split_fresh_seeds,null,404,fixed_split_3985,0.05,A,level2,0.71202,0.62772,0.71202,0.80300634625,0.0,0.08430000000000004,0.09098634625000002,1.0,0.543875,0.456125,0.0,0.543875,0.0,0.55209375,0.5564375,1.0,0.379796875
mode_A_fixed_split_fresh_seeds,null,404,fixed_split_3985,0.05,A,level3,0.71202,0.62772,0.71202,0.80300634625,0.0,0.08430000000000004,0.09098634625000002,1.0,0.543875,0.456125,0.0,0.543875,0.0,0.55209375,0.5564375,1.0,0.379796875
mode_A_fixed_split_fresh_seeds,null,404,fixed_split_3985,0.05,B,level1,0.7153774999999999,0.6323774999999999,0.7153774999999999,0.807287515,0.0,0.08299999999999996,0.09191001500000007,1.0,0.550625,0.449375,0.0,0.550625,0.0,0.55209375,0.5564375,1.0,0.379796875
mode_A_fixed_split_fresh_seeds,null,404,fixed_split_3985,0.05,B,level2,0.7153774999999999,0.6323774999999999,0.7153774999999999,0.807287515,0.0,0.08299999999999996,0.09191001500000007,1.0,0.550625,0.449375,0.0,0.550625,0.0,0.55209375,0.5564375,1.0,0.379796875
mode_A_fixed_split_fresh_seeds,null,404,fixed_split_3985,0.05,B,level3,0.7153774999999999,0.6323774999999999,0.7153774999999999,0.807287515,0.0,0.08299999999999996,0.09191001500000007,1.0,0.550625,0.449375,0.0,0.550625,0.0,0.55209375,0.5564375,1.0,0.379796875
mode_A_fixed_split_fresh_seeds,null,404,fixed_split_3985,0.07,A,level1,0.69202,0.62772,0.69202,0.7921288462499999,0.0,0.06430000000000002,0.10010884624999994,1.0,0.543875,0.456125,0.0,0.543875,0.0,0.55209375,0.5564375,1.0,0.379796875
mode_A_fixed_split_fresh_seeds,null,404,fixed_split_3985,0.07,A,level2,0.69202,0.62772,0.69202,0.7921288462499999,0.0,0.06430000000000002,0.10010884624999994,1.0,0.543875,0.456125,0.0,0.543875,0.0,0.55209375,0.5564375,1.0,0.379796875
mode_A_fixed_split_fresh_seeds,null,404,fixed_split_3985,0.07,A,level3,0.69202,0.62772,0.69202,0.7921288462499999,0.0,0.06430000000000002,0.10010884624999994,1.0,0.543875,0.456125,0.0,0.543875,0.0,0.55209375,0.5564375,1.0,0.379796875
mode_A_fixed_split_fresh_seeds,null,404,fixed_split_3985,0.07,B,level1,0.6953775,0.6323774999999999,0.6953775,0.796275015,0.0,0.06300000000000006,0.100897515,1.0,0.550625,0.449375,0.0,0.550625,0.0,0.55209375,0.5564375,1.0,0.379796875
mode_A_fixed_split_fresh_seeds,null,404,fixed_split_3985,0.07,B,level2,0.6953775,0.6323774999999999,0.6953775,0.796275015,0.0,0.06300000000000006,0.100897515,1.0,0.550625,0.449375,0.0,0.550625,0.0,0.55209375,0.5564375,1.0,0.379796875
mode_A_fixed_split_fresh_seeds,null,404,fixed_split_3985,0.07,B,level3,0.6953775,0.6323774999999999,0.6953775,0.796275015,0.0,0.06300000000000006,0.100897515,1.0,0.550625,0.449375,0.0,0.550625,0.0,0.55209375,0.5564375,1.0,0.379796875
mode_A_fixed_split_fresh_seeds,structured,505,fixed_split_3985,0.03,A,level1,0.71866,0.72016,0.71866,0.8292949506249999,0.0,-0.0015000000000000568,0.11063495062499995,1.0,0.480625,0.519375,0.0,0.480625,0.0,0.6220625,0.7456875,1.0,0.601078125
mode_A_fixed_split_fresh_seeds,structured,505,fixed_split_3985,0.03,A,level2,0.75096,0.72016,0.71866,0.8292949506249999,0.032299999999999995,0.03079999999999994,0.07833495062499995,0.5,0.397625,0.310875,0.2915,0.480625,0.0,0.6220625,0.7456875,1.0,0.601078125
mode_A_fixed_split_fresh_seeds,structured,505,fixed_split_3985,0.03,A,level3,0.71866,0.72016,0.71866,0.8292949506249999,0.0,-0.0015000000000000568,0.11063495062499995,1.0,0.480625,0.519375,0.0,0.480625,0.0,0.6220625,0.7456875,1.0,0.601078125
mode_A_fixed_split_fresh_seeds,structured,505,fixed_split_3985,0.03,B,level1,0.6905024999999999,0.7264025000000001,0.6905024999999999,0.8296983837499999,0.0,-0.035900000000000154,0.13919588375000003,1.0,0.442875,0.557125,0.0,0.442875,0.0,0.6220625,0.7456875,1.0,0.601078125
mode_A_fixed_split_fresh_seeds,structured,505,fixed_split_3985,0.03,B,level2,0.7264025000000001,0.7264025000000001,0.6905024999999999,0.8296983837499999,0.035900000000000154,0.0,0.10329588374999987,0.0,0.557125,0.0,0.442875,0.442875,0.0,0.6220625,0.7456875,1.0,0.601078125
mode_A_fixed_split_fresh_seeds,structured,505,fixed_split_3985,0.03,B,level3,0.7264025000000001,0.7264025000000001,0.6905024999999999,0.8296983837499999,0.035900000000000154,0.0,0.10329588374999987,0.0,0.557125,0.0,0.442875,0.442875,0.0,0.6220625,0.7456875,1.0,0.601078125
mode_A_fixed_split_fresh_seeds,structured,505,fixed_split_3985,0.05,A,level1,0.72016,0.72016,0.69866,0.819682450625,0.021500000000000075,0.0,0.09952245062499998,0.0,0.519375,0.0,0.480625,0.480625,0.0,0.6220625,0.7456875,1.0,0.601078125
mode_A_fixed_split_fresh_seeds,structured,505,fixed_split_3985,0.05,A,level2,0.72016,0.72016,0.69866,0.819682450625,0.021500000000000075,0.0,0.09952245062499998,0.0,0.519375,0.0,0.480625,0.480625,0.0,0.6220625,0.7456875,1.0,0.601078125
mode_A_fixed_split_fresh_seeds,structured,505,fixed_split_3985,0.05,A,level3,0.72016,0.72016,0.69866,0.819682450625,0.021500000000000075,0.0,0.09952245062499998,0.0,0.519375,0.0,0.480625,0.480625,0.0,0.6220625,0.7456875,1.0,0.601078125
mode_A_fixed_split_fresh_seeds,structured,505,fixed_split_3985,0.05,B,level1,0.7264025000000001,0.7264025000000001,0.6705024999999999,0.82084088375,0.05590000000000017,0.0,0.09443838374999991,0.0,0.557125,0.0,0.442875,0.442875,0.0,0.6220625,0.7456875,1.0,0.601078125
mode_A_fixed_split_fresh_seeds,structured,505,fixed_split_3985,0.05,B,level2,0.7264025000000001,0.7264025000000001,0.6705024999999999,0.82084088375,0.05590000000000017,0.0,0.09443838374999991,0.0,0.557125,0.0,0.442875,0.442875,0.0,0.6220625,0.7456875,1.0,0.601078125
mode_A_fixed_split_fresh_seeds,structured,505,fixed_split_3985,0.05,B,level3,0.7264025000000001,0.7264025000000001,0.6705024999999999,0.82084088375,0.05590000000000017,0.0,0.09443838374999991,0.0,0.557125,0.0,0.442875,0.442875,0.0,0.6220625,0.7456875,1.0,0.601078125
mode_A_fixed_split_fresh_seeds,structured,505,fixed_split_3985,0.07,A,level1,0.72016,0.72016,0.6786599999999999,0.810069950625,0.04150000000000009,0.0,0.08990995062499996,0.0,0.519375,0.0,0.480625,0.480625,0.0,0.6220625,0.7456875,1.0,0.601078125
mode_A_fixed_split_fresh_seeds,structured,505,fixed_split_3985,0.07,A,level2,0.72016,0.72016,0.6786599999999999,0.810069950625,0.04150000000000009,0.0,0.08990995062499996,0.0,0.519375,0.0,0.480625,0.480625,0.0,0.6220625,0.7456875,1.0,0.601078125
mode_A_fixed_split_fresh_seeds,structured,505,fixed_split_3985,0.07,A,level3,0.72016,0.72016,0.6786599999999999,0.810069950625,0.04150000000000009,0.0,0.08990995062499996,0.0,0.519375,0.0,0.480625,0.480625,0.0,0.6220625,0.7456875,1.0,0.601078125
mode_A_fixed_split_fresh_seeds,structured,505,fixed_split_3985,0.07,B,level1,0.7264025000000001,0.7264025000000001,0.6505025,0.81198338375,0.07590000000000008,0.0,0.08558088374999995,0.0,0.557125,0.0,0.442875,0.442875,0.0,0.6220625,0.7456875,1.0,0.601078125
mode_A_fixed_split_fresh_seeds,structured,505,fixed_split_3985,0.07,B,level2,0.7264025000000001,0.7264025000000001,0.6505025,0.81198338375,0.07590000000000008,0.0,0.08558088374999995,0.0,0.557125,0.0,0.442875,0.442875,0.0,0.6220625,0.7456875,1.0,0.601078125
mode_A_fixed_split_fresh_seeds,structured,505,fixed_split_3985,0.07,B,level3,0.7264025000000001,0.7264025000000001,0.6505025,0.81198338375,0.07590000000000008,0.0,0.08558088374999995,0.0,0.557125,0.0,0.442875,0.442875,0.0,0.6220625,0.7456875,1.0,0.601078125
mode_A_fixed_split_fresh_seeds,null,505,fixed_split_3985,0.03,A,level1,0.7415975,0.6255974999999999,0.7415975,0.8181107862499999,0.0,0.1160000000000001,0.07651328624999987,1.0,0.558875,0.441125,0.0,0.558875,0.0,0.5515,0.557,1.0,0.37721875
mode_A_fixed_split_fresh_seeds,null,505,fixed_split_3985,0.03,A,level2,0.7415975,0.6255974999999999,0.7415975,0.8181107862499999,0.0,0.1160000000000001,0.07651328624999987,1.0,0.558875,0.441125,0.0,0.558875,0.0,0.5515,0.557,1.0,0.37721875
mode_A_fixed_split_fresh_seeds,null,505,fixed_split_3985,0.03,A,level3,0.7415975,0.6255974999999999,0.7415975,0.8181107862499999,0.0,0.1160000000000001,0.07651328624999987,1.0,0.558875,0.441125,0.0,0.558875,0.0,0.5515,0.557,1.0,0.37721875
mode_A_fixed_split_fresh_seeds,null,505,fixed_split_3985,0.03,B,level1,0.7353125,0.6261125000000001,0.7353125,0.8157284956249999,0.0,0.10919999999999996,0.0804159956249999,1.0,0.551375,0.448625,0.0,0.551375,0.0,0.5515,0.557,1.0,0.37721875
mode_A_fixed_split_fresh_seeds,null,505,fixed_split_3985,0.03,B,level2,0.7353125,0.6261125000000001,0.7353125,0.8157284956249999,0.0,0.10919999999999996,0.0804159956249999,1.0,0.551375,0.448625,0.0,0.551375,0.0,0.5515,0.557,1.0,0.37721875
mode_A_fixed_split_fresh_seeds,null,505,fixed_split_3985,0.03,B,level3,0.7353125,0.6261125000000001,0.7353125,0.8157284956249999,0.0,0.10919999999999996,0.0804159956249999,1.0,0.551375,0.448625,0.0,0.551375,0.0,0.5515,0.557,1.0,0.37721875
mode_A_fixed_split_fresh_seeds,null,505,fixed_split_3985,0.05,A,level1,0.7215975,0.6255974999999999,0.7215975,0.8069332862499999,0.0,0.09600000000000009,0.08533578624999993,1.0,0.558875,0.441125,0.0,0.558875,0.0,0.5515,0.557,1.0,0.37721875
mode_A_fixed_split_fresh_seeds,null,505,fixed_split_3985,0.05,A,level2,0.7215975,0.6255974999999999,0.7215975,0.8069332862499999,0.0,0.09600000000000009,0.08533578624999993,1.0,0.558875,0.441125,0.0,0.558875,0.0,0.5515,0.557,1.0,0.37721875
mode_A_fixed_split_fresh_seeds,null,505,fixed_split_3985,0.05,A,level3,0.7215975,0.6255974999999999,0.7215975,0.8069332862499999,0.0,0.09600000000000009,0.08533578624999993,1.0,0.558875,0.441125,0.0,0.558875,0.0,0.5515,0.557,1.0,0.37721875
mode_A_fixed_split_fresh_seeds,null,505,fixed_split_3985,0.05,B,level1,0.7153125,0.6261125000000001,0.7153125,0.804700995625,0.0,0.08919999999999995,0.08938849562499995,1.0,0.551375,0.448625,0.0,0.551375,0.0,0.5515,0.557,1.0,0.37721875
mode_A_fixed_split_fresh_seeds,null,505,fixed_split_3985,0.05,B,level2,0.7153125,0.6261125000000001,0.7153125,0.804700995625,0.0,0.08919999999999995,0.08938849562499995,1.0,0.551375,0.448625,0.0,0.551375,0.0,0.5515,0.557,1.0,0.37721875
mode_A_fixed_split_fresh_seeds,null,505,fixed_split_3985,0.05,B,level3,0.7153125,0.6261125000000001,0.7153125,0.804700995625,0.0,0.08919999999999995,0.08938849562499995,1.0,0.551375,0.448625,0.0,0.551375,0.0,0.5515,0.557,1.0,0.37721875
mode_A_fixed_split_fresh_seeds,null,505,fixed_split_3985,0.07,A,level1,0.7015975,0.6255974999999999,0.7015975,0.7957557862499999,0.0,0.07600000000000007,0.09415828624999989,1.0,0.558875,0.441125,0.0,0.558875,0.0,0.5515,0.557,1.0,0.37721875
mode_A_fixed_split_fresh_seeds,null,505,fixed_split_3985,0.07,A,level2,0.7015975,0.6255974999999999,0.7015975,0.7957557862499999,0.0,0.07600000000000007,0.09415828624999989,1.0,0.558875,0.441125,0.0,0.558875,0.0,0.5515,0.557,1.0,0.37721875
mode_A_fixed_split_fresh_seeds,null,505,fixed_split_3985,0.07,A,level3,0.7015975,0.6255974999999999,0.7015975,0.7957557862499999,0.0,0.07600000000000007,0.09415828624999989,1.0,0.558875,0.441125,0.0,0.558875,0.0,0.5515,0.557,1.0,0.37721875
mode_A_fixed_split_fresh_seeds,null,505,fixed_split_3985,0.07,B,level1,0.6953125,0.6261125000000001,0.6953125,0.793673495625,0.0,0.06919999999999993,0.098360995625,1.0,0.551375,0.448625,0.0,0.551375,0.0,0.5515,0.557,1.0,0.37721875
mode_A_fixed_split_fresh_seeds,null,505,fixed_split_3985,0.07,B,level2,0.6953125,0.6261125000000001,0.6953125,0.793673495625,0.0,0.06919999999999993,0.098360995625,1.0,0.551375,0.448625,0.0,0.551375,0.0,0.5515,0.557,1.0,0.37721875
mode_A_fixed_split_fresh_seeds,null,505,fixed_split_3985,0.07,B,level3,0.6953125,0.6261125000000001,0.6953125,0.793673495625,0.0,0.06919999999999993,0.098360995625,1.0,0.551375,0.448625,0.0,0.551375,0.0,0.5515,0.557,1.0,0.37721875
mode_A_fixed_split_fresh_seeds,structured,606,fixed_split_3985,0.03,A,level1,0.7179575,0.7242574999999999,0.7179575,0.83146478625,0.0,-0.006299999999999861,0.11350728624999995,1.0,0.4785,0.5215,0.0,0.4785,0.0,0.61840625,0.7420625,1.0,0.599203125
mode_A_fixed_split_fresh_seeds,structured,606,fixed_split_3985,0.03,A,level2,0.7480575,0.7242574999999999,0.7179575,0.83146478625,0.030100000000000016,0.023800000000000154,0.08340728624999993,0.5,0.396,0.31275,0.29125,0.4785,0.0,0.61840625,0.7420625,1.0,0.599203125
mode_A_fixed_split_fresh_seeds,structured,606,fixed_split_3985,0.03,A,level3,0.7480575,0.7242574999999999,0.7179575,0.83146478625,0.030100000000000016,0.023800000000000154,0.08340728624999993,0.5,0.396,0.31275,0.29125,0.4785,0.0,0.61840625,0.7420625,1.0,0.599203125
mode_A_fixed_split_fresh_seeds,structured,606,fixed_split_3985,0.03,B,level1,0.6871949999999999,0.7225949999999999,0.6871949999999999,0.826166354375,0.0,-0.03539999999999999,0.13897135437500008,1.0,0.437375,0.562625,0.0,0.437375,0.0,0.61840625,0.7420625,1.0,0.599203125
mode_A_fixed_split_fresh_seeds,structured,606,fixed_split_3985,0.03,B,level2,0.7225949999999999,0.7225949999999999,0.6871949999999999,0.826166354375,0.03539999999999999,0.0,0.10357135437500009,0.0,0.562625,0.0,0.437375,0.437375,0.0,0.61840625,0.7420625,1.0,0.599203125
mode_A_fixed_split_fresh_seeds,structured,606,fixed_split_3985,0.03,B,level3,0.7225949999999999,0.7225949999999999,0.6871949999999999,0.826166354375,0.03539999999999999,0.0,0.10357135437500009,0.0,0.562625,0.0,0.437375,0.437375,0.0,0.61840625,0.7420625,1.0,0.599203125
mode_A_fixed_split_fresh_seeds,structured,606,fixed_split_3985,0.05,A,level1,0.7242574999999999,0.7242574999999999,0.6979575,0.8218947862499999,0.02629999999999988,0.0,0.09763728625000001,0.0,0.5215,0.0,0.4785,0.4785,0.0,0.61840625,0.7420625,1.0,0.599203125
mode_A_fixed_split_fresh_seeds,structured,606,fixed_split_3985,0.05,A,level2,0.7242574999999999,0.7242574999999999,0.6979575,0.8218947862499999,0.02629999999999988,0.0,0.09763728625000001,0.0,0.5215,0.0,0.4785,0.4785,0.0,0.61840625,0.7420625,1.0,0.599203125
mode_A_fixed_split_fresh_seeds,structured,606,fixed_split_3985,0.05,A,level3,0.7242574999999999,0.7242574999999999,0.6979575,0.8218947862499999,0.02629999999999988,0.0,0.09763728625000001,0.0,0.5215,0.0,0.4785,0.4785,0.0,0.61840625,0.7420625,1.0,0.599203125
mode_A_fixed_split_fresh_seeds,structured,606,fixed_split_3985,0.05,B,level1,0.7225949999999999,0.7225949999999999,0.667195,0.817418854375,0.055399999999999894,0.0,0.09482385437500007,0.0,0.562625,0.0,0.437375,0.437375,0.0,0.61840625,0.7420625,1.0,0.599203125
mode_A_fixed_split_fresh_seeds,structured,606,fixed_split_3985,0.05,B,level2,0.7225949999999999,0.7225949999999999,0.667195,0.817418854375,0.055399999999999894,0.0,0.09482385437500007,0.0,0.562625,0.0,0.437375,0.437375,0.0,0.61840625,0.7420625,1.0,0.599203125
mode_A_fixed_split_fresh_seeds,structured,606,fixed_split_3985,0.05,B,level3,0.7225949999999999,0.7225949999999999,0.667195,0.817418854375,0.055399999999999894,0.0,0.09482385437500007,0.0,0.562625,0.0,0.437375,0.437375,0.0,0.61840625,0.7420625,1.0,0.599203125
mode_A_fixed_split_fresh_seeds,structured,606,fixed_split_3985,0.07,A,level1,0.7242574999999999,0.7242574999999999,0.6779575,0.81232478625,0.0462999999999999,0.0,0.08806728625000015,0.0,0.5215,0.0,0.4785,0.4785,0.0,0.61840625,0.7420625,1.0,0.599203125
mode_A_fixed_split_fresh_seeds,structured,606,fixed_split_3985,0.07,A,level2,0.7242574999999999,0.7242574999999999,0.6779575,0.81232478625,0.0462999999999999,0.0,0.08806728625000015,0.0,0.5215,0.0,0.4785,0.4785,0.0,0.61840625,0.7420625,1.0,0.599203125
mode_A_fixed_split_fresh_seeds,structured,606,fixed_split_3985,0.07,A,level3,0.7242574999999999,0.7242574999999999,0.6779575,0.81232478625,0.0462999999999999,0.0,0.08806728625000015,0.0,0.5215,0.0,0.4785,0.4785,0.0,0.61840625,0.7420625,1.0,0.599203125
mode_A_fixed_split_fresh_seeds,structured,606,fixed_split_3985,0.07,B,level1,0.7225949999999999,0.7225949999999999,0.647195,0.8086713543749999,0.07539999999999991,0.0,0.08607635437500005,0.0,0.562625,0.0,0.437375,0.437375,0.0,0.61840625,0.7420625,1.0,0.599203125
mode_A_fixed_split_fresh_seeds,structured,606,fixed_split_3985,0.07,B,level2,0.7225949999999999,0.7225949999999999,0.647195,0.8086713543749999,0.07539999999999991,0.0,0.08607635437500005,0.0,0.562625,0.0,0.437375,0.437375,0.0,0.61840625,0.7420625,1.0,0.599203125
mode_A_fixed_split_fresh_seeds,structured,606,fixed_split_3985,0.07,B,level3,0.7225949999999999,0.7225949999999999,0.647195,0.8086713543749999,0.07539999999999991,0.0,0.08607635437500005,0.0,0.562625,0.0,0.437375,0.437375,0.0,0.61840625,0.7420625,1.0,0.599203125
mode_A_fixed_split_fresh_seeds,null,606,fixed_split_3985,0.03,A,level1,0.73017,0.63017,0.73017,0.81381512,0.0,0.09999999999999998,0.08364512000000002,1.0,0.540375,0.459625,0.0,0.540375,0.0,0.552875,0.5584375,1.0,0.378859375
mode_A_fixed_split_fresh_seeds,null,606,fixed_split_3985,0.03,A,level2,0.73017,0.63017,0.73017,0.81381512,0.0,0.09999999999999998,0.08364512000000002,1.0,0.540375,0.459625,0.0,0.540375,0.0,0.552875,0.5584375,1.0,0.378859375
mode_A_fixed_split_fresh_seeds,null,606,fixed_split_3985,0.03,A,level3,0.73017,0.63017,0.73017,0.81381512,0.0,0.09999999999999998,0.08364512000000002,1.0,0.540375,0.459625,0.0,0.540375,0.0,0.552875,0.5584375,1.0,0.378859375
mode_A_fixed_split_fresh_seeds,null,606,fixed_split_3985,0.03,B,level1,0.7363,0.632,0.7363,0.819848724375,0.0,0.10429999999999995,0.08354872437500005,1.0,0.555875,0.444125,0.0,0.555875,0.0,0.552875,0.5584375,1.0,0.378859375
mode_A_fixed_split_fresh_seeds,null,606,fixed_split_3985,0.03,B,level2,0.7363,0.632,0.7363,0.819848724375,0.0,0.10429999999999995,0.08354872437500005,1.0,0.555875,0.444125,0.0,0.555875,0.0,0.552875,0.5584375,1.0,0.378859375
mode_A_fixed_split_fresh_seeds,null,606,fixed_split_3985,0.03,B,level3,0.7363,0.632,0.7363,0.819848724375,0.0,0.10429999999999995,0.08354872437500005,1.0,0.555875,0.444125,0.0,0.555875,0.0,0.552875,0.5584375,1.0,0.378859375
mode_A_fixed_split_fresh_seeds,null,606,fixed_split_3985,0.05,A,level1,0.71017,0.63017,0.71017,0.8030076199999999,0.0,0.07999999999999996,0.09283761999999995,1.0,0.540375,0.459625,0.0,0.540375,0.0,0.552875,0.5584375,1.0,0.378859375
mode_A_fixed_split_fresh_seeds,null,606,fixed_split_3985,0.05,A,level2,0.71017,0.63017,0.71017,0.8030076199999999,0.0,0.07999999999999996,0.09283761999999995,1.0,0.540375,0.459625,0.0,0.540375,0.0,0.552875,0.5584375,1.0,0.378859375
mode_A_fixed_split_fresh_seeds,null,606,fixed_split_3985,0.05,A,level3,0.71017,0.63017,0.71017,0.8030076199999999,0.0,0.07999999999999996,0.09283761999999995,1.0,0.540375,0.459625,0.0,0.540375,0.0,0.552875,0.5584375,1.0,0.378859375
mode_A_fixed_split_fresh_seeds,null,606,fixed_split_3985,0.05,B,level1,0.7162999999999999,0.632,0.7162999999999999,0.808731224375,0.0,0.08429999999999993,0.09243122437500007,1.0,0.555875,0.444125,0.0,0.555875,0.0,0.552875,0.5584375,1.0,0.378859375
mode_A_fixed_split_fresh_seeds,null,606,fixed_split_3985,0.05,B,level2,0.7162999999999999,0.632,0.7162999999999999,0.808731224375,0.0,0.08429999999999993,0.09243122437500007,1.0,0.555875,0.444125,0.0,0.555875,0.0,0.552875,0.5584375,1.0,0.378859375
mode_A_fixed_split_fresh_seeds,null,606,fixed_split_3985,0.05,B,level3,0.7162999999999999,0.632,0.7162999999999999,0.808731224375,0.0,0.08429999999999993,0.09243122437500007,1.0,0.555875,0.444125,0.0,0.555875,0.0,0.552875,0.5584375,1.0,0.378859375
mode_A_fixed_split_fresh_seeds,null,606,fixed_split_3985,0.07,A,level1,0.69017,0.63017,0.69017,0.79220012,0.0,0.05999999999999994,0.10203012,1.0,0.540375,0.459625,0.0,0.540375,0.0,0.552875,0.5584375,1.0,0.378859375
mode_A_fixed_split_fresh_seeds,null,606,fixed_split_3985,0.07,A,level2,0.69017,0.63017,0.69017,0.79220012,0.0,0.05999999999999994,0.10203012,1.0,0.540375,0.459625,0.0,0.540375,0.0,0.552875,0.5584375,1.0,0.378859375
mode_A_fixed_split_fresh_seeds,null,606,fixed_split_3985,0.07,A,level3,0.69017,0.63017,0.69017,0.79220012,0.0,0.05999999999999994,0.10203012,1.0,0.540375,0.459625,0.0,0.540375,0.0,0.552875,0.5584375,1.0,0.378859375
mode_A_fixed_split_fresh_seeds,null,606,fixed_split_3985,0.07,B,level1,0.6962999999999999,0.632,0.6962999999999999,0.797613724375,0.0,0.06429999999999991,0.10131372437500008,1.0,0.555875,0.444125,0.0,0.555875,0.0,0.552875,0.5584375,1.0,0.378859375
mode_A_fixed_split_fresh_seeds,null,606,fixed_split_3985,0.07,B,level2,0.6962999999999999,0.632,0.6962999999999999,0.797613724375,0.0,0.06429999999999991,0.10131372437500008,1.0,0.555875,0.444125,0.0,0.555875,0.0,0.552875,0.5584375,1.0,0.378859375
mode_A_fixed_split_fresh_seeds,null,606,fixed_split_3985,0.07,B,level3,0.6962999999999999,0.632,0.6962999999999999,0.797613724375,0.0,0.06429999999999991,0.10131372437500008,1.0,0.555875,0.444125,0.0,0.555875,0.0,0.552875,0.5584375,1.0,0.378859375
mode_A_fixed_split_fresh_seeds,structured,707,fixed_split_3985,0.03,A,level1,0.7101175,0.7218175,0.7101175,0.82895564875,0.0,-0.011700000000000044,0.1188381487500001,1.0,0.465375,0.534625,0.0,0.465375,0.0,0.613375,0.7415625,1.0,0.59659375
mode_A_fixed_split_fresh_seeds,structured,707,fixed_split_3985,0.03,A,level2,0.7488175,0.7218175,0.7101175,0.82895564875,0.03870000000000007,0.027000000000000024,0.08013814875000003,0.5,0.416375,0.309125,0.2745,0.465375,0.0,0.613375,0.7415625,1.0,0.59659375
mode_A_fixed_split_fresh_seeds,structured,707,fixed_split_3985,0.03,A,level3,0.7488175,0.7218175,0.7101175,0.82895564875,0.03870000000000007,0.027000000000000024,0.08013814875000003,0.5,0.416375,0.309125,0.2745,0.465375,0.0,0.613375,0.7415625,1.0,0.59659375
mode_A_fixed_split_fresh_seeds,structured,707,fixed_split_3985,0.03,B,level1,0.6890224999999999,0.7267224999999999,0.6890224999999999,0.8296817918749999,0.0,-0.03770000000000007,0.14065929187500004,1.0,0.44625,0.55375,0.0,0.44625,0.0,0.613375,0.7415625,1.0,0.59659375
mode_A_fixed_split_fresh_seeds,structured,707,fixed_split_3985,0.03,B,level2,0.7267224999999999,0.7267224999999999,0.6890224999999999,0.8296817918749999,0.03770000000000007,0.0,0.10295929187499997,0.0,0.55375,0.0,0.44625,0.44625,0.0,0.613375,0.7415625,1.0,0.59659375
mode_A_fixed_split_fresh_seeds,structured,707,fixed_split_3985,0.03,B,level3,0.7267224999999999,0.7267224999999999,0.6890224999999999,0.8296817918749999,0.03770000000000007,0.0,0.10295929187499997,0.0,0.55375,0.0,0.44625,0.44625,0.0,0.613375,0.7415625,1.0,0.59659375
mode_A_fixed_split_fresh_seeds,structured,707,fixed_split_3985,0.05,A,level1,0.7218175,0.7218175,0.6901174999999999,0.81964814875,0.03170000000000006,0.0,0.09783064875000003,0.0,0.534625,0.0,0.465375,0.465375,0.0,0.613375,0.7415625,1.0,0.59659375
mode_A_fixed_split_fresh_seeds,structured,707,fixed_split_3985,0.05,A,level2,0.7218175,0.7218175,0.6901174999999999,0.81964814875,0.03170000000000006,0.0,0.09783064875000003,0.0,0.534625,0.0,0.465375,0.465375,0.0,0.613375,0.7415625,1.0,0.59659375
mode_A_fixed_split_fresh_seeds,structured,707,fixed_split_3985,0.05,A,level3,0.7218175,0.7218175,0.6901174999999999,0.81964814875,0.03170000000000006,0.0,0.09783064875000003,0.0,0.534625,0.0,0.465375,0.465375,0.0,0.613375,0.7415625,1.0,0.59659375
mode_A_fixed_split_fresh_seeds,structured,707,fixed_split_3985,0.05,B,level1,0.7267224999999999,0.7267224999999999,0.6690225,0.820756791875,0.057699999999999974,0.0,0.09403429187500001,0.0,0.55375,0.0,0.44625,0.44625,0.0,0.613375,0.7415625,1.0,0.59659375
mode_A_fixed_split_fresh_seeds,structured,707,fixed_split_3985,0.05,B,level2,0.7267224999999999,0.7267224999999999,0.6690225,0.820756791875,0.057699999999999974,0.0,0.09403429187500001,0.0,0.55375,0.0,0.44625,0.44625,0.0,0.613375,0.7415625,1.0,0.59659375
mode_A_fixed_split_fresh_seeds,structured,707,fixed_split_3985,0.05,B,level3,0.7267224999999999,0.7267224999999999,0.6690225,0.820756791875,0.057699999999999974,0.0,0.09403429187500001,0.0,0.55375,0.0,0.44625,0.44625,0.0,0.613375,0.7415625,1.0,0.59659375
mode_A_fixed_split_fresh_seeds,structured,707,fixed_split_3985,0.07,A,level1,0.7218175,0.7218175,0.6701174999999999,0.81034064875,0.05170000000000008,0.0,0.08852314875,0.0,0.534625,0.0,0.465375,0.465375,0.0,0.613375,0.7415625,1.0,0.59659375
mode_A_fixed_split_fresh_seeds,structured,707,fixed_split_3985,0.07,A,level2,0.7218175,0.7218175,0.6701174999999999,0.81034064875,0.05170000000000008,0.0,0.08852314875,0.0,0.534625,0.0,0.465375,0.465375,0.0,0.613375,0.7415625,1.0,0.59659375
mode_A_fixed_split_fresh_seeds,structured,707,fixed_split_3985,0.07,A,level3,0.7218175,0.7218175,0.6701174999999999,0.81034064875,0.05170000000000008,0.0,0.08852314875,0.0,0.534625,0.0,0.465375,0.465375,0.0,0.613375,0.7415625,1.0,0.59659375
mode_A_fixed_split_fresh_seeds,structured,707,fixed_split_3985,0.07,B,level1,0.7267224999999999,0.7267224999999999,0.6490225,0.811831791875,0.07769999999999999,0.0,0.08510929187500005,0.0,0.55375,0.0,0.44625,0.44625,0.0,0.613375,0.7415625,1.0,0.59659375
mode_A_fixed_split_fresh_seeds,structured,707,fixed_split_3985,0.07,B,level2,0.7267224999999999,0.7267224999999999,0.6490225,0.811831791875,0.07769999999999999,0.0,0.08510929187500005,0.0,0.55375,0.0,0.44625,0.44625,0.0,0.613375,0.7415625,1.0,0.59659375
mode_A_fixed_split_fresh_seeds,structured,707,fixed_split_3985,0.07,B,level3,0.7267224999999999,0.7267224999999999,0.6490225,0.811831791875,0.07769999999999999,0.0,0.08510929187500005,0.0,0.55375,0.0,0.44625,0.44625,0.0,0.613375,0.7415625,1.0,0.59659375
mode_A_fixed_split_fresh_seeds,null,707,fixed_split_3985,0.03,A,level1,0.7384649999999999,0.6285649999999999,0.7384649999999999,0.818125841875,0.0,0.1099,0.07966084187500011,1.0,0.555375,0.444625,0.0,0.555375,0.0,0.550125,0.55375,1.0,0.375734375
mode_A_fixed_split_fresh_seeds,null,707,fixed_split_3985,0.03,A,level2,0.7384649999999999,0.6285649999999999,0.7384649999999999,0.818125841875,0.0,0.1099,0.07966084187500011,1.0,0.555375,0.444625,0.0,0.555375,0.0,0.550125,0.55375,1.0,0.375734375
mode_A_fixed_split_fresh_seeds,null,707,fixed_split_3985,0.03,A,level3,0.7384649999999999,0.6285649999999999,0.7384649999999999,0.818125841875,0.0,0.1099,0.07966084187500011,1.0,0.555375,0.444625,0.0,0.555375,0.0,0.550125,0.55375,1.0,0.375734375
mode_A_fixed_split_fresh_seeds,null,707,fixed_split_3985,0.03,B,level1,0.731305,0.624505,0.731305,0.811963349375,0.0,0.1068,0.08065834937500005,1.0,0.542625,0.457375,0.0,0.542625,0.0,0.550125,0.55375,1.0,0.375734375
mode_A_fixed_split_fresh_seeds,null,707,fixed_split_3985,0.03,B,level2,0.731305,0.624505,0.731305,0.811963349375,0.0,0.1068,0.08065834937500005,1.0,0.542625,0.457375,0.0,0.542625,0.0,0.550125,0.55375,1.0,0.375734375
mode_A_fixed_split_fresh_seeds,null,707,fixed_split_3985,0.03,B,level3,0.731305,0.624505,0.731305,0.811963349375,0.0,0.1068,0.08065834937500005,1.0,0.542625,0.457375,0.0,0.542625,0.0,0.550125,0.55375,1.0,0.375734375
mode_A_fixed_split_fresh_seeds,null,707,fixed_split_3985,0.05,A,level1,0.7184649999999999,0.6285649999999999,0.7184649999999999,0.8070183418749999,0.0,0.08989999999999998,0.08855334187499997,1.0,0.555375,0.444625,0.0,0.555375,0.0,0.550125,0.55375,1.0,0.375734375
mode_A_fixed_split_fresh_seeds,null,707,fixed_split_3985,0.05,A,level2,0.7184649999999999,0.6285649999999999,0.7184649999999999,0.8070183418749999,0.0,0.08989999999999998,0.08855334187499997,1.0,0.555375,0.444625,0.0,0.555375,0.0,0.550125,0.55375,1.0,0.375734375
mode_A_fixed_split_fresh_seeds,null,707,fixed_split_3985,0.05,A,level3,0.7184649999999999,0.6285649999999999,0.7184649999999999,0.8070183418749999,0.0,0.08989999999999998,0.08855334187499997,1.0,0.555375,0.444625,0.0,0.555375,0.0,0.550125,0.55375,1.0,0.375734375
mode_A_fixed_split_fresh_seeds,null,707,fixed_split_3985,0.05,B,level1,0.711305,0.624505,0.711305,0.801110849375,0.0,0.08679999999999999,0.08980584937500002,1.0,0.542625,0.457375,0.0,0.542625,0.0,0.550125,0.55375,1.0,0.375734375
mode_A_fixed_split_fresh_seeds,null,707,fixed_split_3985,0.05,B,level2,0.711305,0.624505,0.711305,0.801110849375,0.0,0.08679999999999999,0.08980584937500002,1.0,0.542625,0.457375,0.0,0.542625,0.0,0.550125,0.55375,1.0,0.375734375
mode_A_fixed_split_fresh_seeds,null,707,fixed_split_3985,0.05,B,level3,0.711305,0.624505,0.711305,0.801110849375,0.0,0.08679999999999999,0.08980584937500002,1.0,0.542625,0.457375,0.0,0.542625,0.0,0.550125,0.55375,1.0,0.375734375
mode_A_fixed_split_fresh_seeds,null,707,fixed_split_3985,0.07,A,level1,0.6984649999999999,0.6285649999999999,0.6984649999999999,0.7959108418749999,0.0,0.06989999999999996,0.09744584187500005,1.0,0.555375,0.444625,0.0,0.555375,0.0,0.550125,0.55375,1.0,0.375734375
mode_A_fixed_split_fresh_seeds,null,707,fixed_split_3985,0.07,A,level2,0.6984649999999999,0.6285649999999999,0.6984649999999999,0.7959108418749999,0.0,0.06989999999999996,0.09744584187500005,1.0,0.555375,0.444625,0.0,0.555375,0.0,0.550125,0.55375,1.0,0.375734375
mode_A_fixed_split_fresh_seeds,null,707,fixed_split_3985,0.07,A,level3,0.6984649999999999,0.6285649999999999,0.6984649999999999,0.7959108418749999,0.0,0.06989999999999996,0.09744584187500005,1.0,0.555375,0.444625,0.0,0.555375,0.0,0.550125,0.55375,1.0,0.375734375
mode_A_fixed_split_fresh_seeds,null,707,fixed_split_3985,0.07,B,level1,0.691305,0.624505,0.691305,0.790258349375,0.0,0.06679999999999997,0.098953349375,1.0,0.542625,0.457375,0.0,0.542625,0.0,0.550125,0.55375,1.0,0.375734375
mode_A_fixed_split_fresh_seeds,null,707,fixed_split_3985,0.07,B,level2,0.691305,0.624505,0.691305,0.790258349375,0.0,0.06679999999999997,0.098953349375,1.0,0.542625,0.457375,0.0,0.542625,0.0,0.550125,0.55375,1.0,0.375734375
mode_A_fixed_split_fresh_seeds,null,707,fixed_split_3985,0.07,B,level3,0.691305,0.624505,0.691305,0.790258349375,0.0,0.06679999999999997,0.098953349375,1.0,0.542625,0.457375,0.0,0.542625,0.0,0.550125,0.55375,1.0,0.375734375
mode_A_fixed_split_fresh_seeds,structured,808,fixed_split_3985,0.03,A,level1,0.7115349999999999,0.726835,0.7115349999999999,0.8313317218749999,0.0,-0.015300000000000091,0.11979672187500001,1.0,0.466375,0.533625,0.0,0.466375,0.0,0.6195625,0.7461875,1.0,0.598953125
mode_A_fixed_split_fresh_seeds,structured,808,fixed_split_3985,0.03,A,level2,0.726835,0.726835,0.7115349999999999,0.8313317218749999,0.015300000000000091,0.0,0.10449672187499992,0.0,0.533625,0.0,0.466375,0.466375,0.0,0.6195625,0.7461875,1.0,0.598953125
mode_A_fixed_split_fresh_seeds,structured,808,fixed_split_3985,0.03,A,level3,0.746035,0.726835,0.7115349999999999,0.8313317218749999,0.034500000000000086,0.019199999999999995,0.08529672187499993,0.5,0.406375,0.313625,0.28,0.466375,0.0,0.6195625,0.7461875,1.0,0.598953125
mode_A_fixed_split_fresh_seeds,structured,808,fixed_split_3985,0.03,B,level1,0.6915074999999999,0.7234075,0.6915074999999999,0.8283995575,0.0,-0.03190000000000004,0.1368920575000001,1.0,0.446625,0.553375,0.0,0.446625,0.0,0.6195625,0.7461875,1.0,0.598953125
mode_A_fixed_split_fresh_seeds,structured,808,fixed_split_3985,0.03,B,level2,0.7234075,0.7234075,0.6915074999999999,0.8283995575,0.03190000000000004,0.0,0.10499205750000007,0.0,0.553375,0.0,0.446625,0.446625,0.0,0.6195625,0.7461875,1.0,0.598953125
mode_A_fixed_split_fresh_seeds,structured,808,fixed_split_3985,0.03,B,level3,0.7234075,0.7234075,0.6915074999999999,0.8283995575,0.03190000000000004,0.0,0.10499205750000007,0.0,0.553375,0.0,0.446625,0.446625,0.0,0.6195625,0.7461875,1.0,0.598953125
mode_A_fixed_split_fresh_seeds,structured,808,fixed_split_3985,0.05,A,level1,0.726835,0.726835,0.691535,0.822004221875,0.0353,0.0,0.09516922187499999,0.0,0.533625,0.0,0.466375,0.466375,0.0,0.6195625,0.7461875,1.0,0.598953125
mode_A_fixed_split_fresh_seeds,structured,808,fixed_split_3985,0.05,A,level2,0.726835,0.726835,0.691535,0.822004221875,0.0353,0.0,0.09516922187499999,0.0,0.533625,0.0,0.466375,0.466375,0.0,0.6195625,0.7461875,1.0,0.598953125
mode_A_fixed_split_fresh_seeds,structured,808,fixed_split_3985,0.05,A,level3,0.726835,0.726835,0.691535,0.822004221875,0.0353,0.0,0.09516922187499999,0.0,0.533625,0.0,0.466375,0.466375,0.0,0.6195625,0.7461875,1.0,0.598953125
mode_A_fixed_split_fresh_seeds,structured,808,fixed_split_3985,0.05,B,level1,0.7234075,0.7234075,0.6715074999999999,0.8194670575,0.05190000000000006,0.0,0.09605955750000006,0.0,0.553375,0.0,0.446625,0.446625,0.0,0.6195625,0.7461875,1.0,0.598953125
mode_A_fixed_split_fresh_seeds,structured,808,fixed_split_3985,0.05,B,level2,0.7234075,0.7234075,0.6715074999999999,0.8194670575,0.05190000000000006,0.0,0.09605955750000006,0.0,0.553375,0.0,0.446625,0.446625,0.0,0.6195625,0.7461875,1.0,0.598953125
mode_A_fixed_split_fresh_seeds,structured,808,fixed_split_3985,0.05,B,level3,0.7234075,0.7234075,0.6715074999999999,0.8194670575,0.05190000000000006,0.0,0.09605955750000006,0.0,0.553375,0.0,0.446625,0.446625,0.0,0.6195625,0.7461875,1.0,0.598953125
mode_A_fixed_split_fresh_seeds,structured,808,fixed_split_3985,0.07,A,level1,0.726835,0.726835,0.671535,0.812676721875,0.055300000000000016,0.0,0.08584172187499994,0.0,0.533625,0.0,0.466375,0.466375,0.0,0.6195625,0.7461875,1.0,0.598953125
mode_A_fixed_split_fresh_seeds,structured,808,fixed_split_3985,0.07,A,level2,0.726835,0.726835,0.671535,0.812676721875,0.055300000000000016,0.0,0.08584172187499994,0.0,0.533625,0.0,0.466375,0.466375,0.0,0.6195625,0.7461875,1.0,0.598953125
mode_A_fixed_split_fresh_seeds,structured,808,fixed_split_3985,0.07,A,level3,0.726835,0.726835,0.671535,0.812676721875,0.055300000000000016,0.0,0.08584172187499994,0.0,0.533625,0.0,0.466375,0.466375,0.0,0.6195625,0.7461875,1.0,0.598953125
mode_A_fixed_split_fresh_seeds,structured,808,fixed_split_3985,0.07,B,level1,0.7234075,0.7234075,0.6515074999999999,0.8105345575,0.07190000000000007,0.0,0.08712705750000005,0.0,0.553375,0.0,0.446625,0.446625,0.0,0.6195625,0.7461875,1.0,0.598953125
mode_A_fixed_split_fresh_seeds,structured,808,fixed_split_3985,0.07,B,level2,0.7234075,0.7234075,0.6515074999999999,0.8105345575,0.07190000000000007,0.0,0.08712705750000005,0.0,0.553375,0.0,0.446625,0.446625,0.0,0.6195625,0.7461875,1.0,0.598953125
mode_A_fixed_split_fresh_seeds,structured,808,fixed_split_3985,0.07,B,level3,0.7234075,0.7234075,0.6515074999999999,0.8105345575,0.07190000000000007,0.0,0.08712705750000005,0.0,0.553375,0.0,0.446625,0.446625,0.0,0.6195625,0.7461875,1.0,0.598953125
mode_A_fixed_split_fresh_seeds,null,808,fixed_split_3985,0.03,A,level1,0.7368925,0.6311925,0.7368925,0.818476023125,0.0,0.1056999999999999,0.08158352312500006,1.0,0.552875,0.447125,0.0,0.552875,0.0,0.555375,0.55675,1.0,0.381390625
mode_A_fixed_split_fresh_seeds,null,808,fixed_split_3985,0.03,A,level2,0.7368925,0.6311925,0.7368925,0.818476023125,0.0,0.1056999999999999,0.08158352312500006,1.0,0.552875,0.447125,0.0,0.552875,0.0,0.555375,0.55675,1.0,0.381390625
mode_A_fixed_split_fresh_seeds,null,808,fixed_split_3985,0.03,A,level3,0.7368925,0.6311925,0.7368925,0.818476023125,0.0,0.1056999999999999,0.08158352312500006,1.0,0.552875,0.447125,0.0,0.552875,0.0,0.555375,0.55675,1.0,0.381390625
mode_A_fixed_split_fresh_seeds,null,808,fixed_split_3985,0.03,B,level1,0.7377149999999999,0.6245149999999999,0.7377149999999999,0.816434736875,0.0,0.11319999999999997,0.07871973687500011,1.0,0.555625,0.444375,0.0,0.555625,0.0,0.555375,0.55675,1.0,0.381390625
mode_A_fixed_split_fresh_seeds,null,808,fixed_split_3985,0.03,B,level2,0.7377149999999999,0.6245149999999999,0.7377149999999999,0.816434736875,0.0,0.11319999999999997,0.07871973687500011,1.0,0.555625,0.444375,0.0,0.555625,0.0,0.555375,0.55675,1.0,0.381390625
mode_A_fixed_split_fresh_seeds,null,808,fixed_split_3985,0.03,B,level3,0.7377149999999999,0.6245149999999999,0.7377149999999999,0.816434736875,0.0,0.11319999999999997,0.07871973687500011,1.0,0.555625,0.444375,0.0,0.555625,0.0,0.555375,0.55675,1.0,0.381390625
mode_A_fixed_split_fresh_seeds,null,808,fixed_split_3985,0.05,A,level1,0.7168924999999999,0.6311925,0.7168924999999999,0.807418523125,0.0,0.08569999999999989,0.09052602312500002,1.0,0.552875,0.447125,0.0,0.552875,0.0,0.555375,0.55675,1.0,0.381390625
mode_A_fixed_split_fresh_seeds,null,808,fixed_split_3985,0.05,A,level2,0.7168924999999999,0.6311925,0.7168924999999999,0.807418523125,0.0,0.08569999999999989,0.09052602312500002,1.0,0.552875,0.447125,0.0,0.552875,0.0,0.555375,0.55675,1.0,0.381390625
mode_A_fixed_split_fresh_seeds,null,808,fixed_split_3985,0.05,A,level3,0.7168924999999999,0.6311925,0.7168924999999999,0.807418523125,0.0,0.08569999999999989,0.09052602312500002,1.0,0.552875,0.447125,0.0,0.552875,0.0,0.555375,0.55675,1.0,0.381390625
mode_A_fixed_split_fresh_seeds,null,808,fixed_split_3985,0.05,B,level1,0.7177149999999999,0.6245149999999999,0.7177149999999999,0.8053222368749999,0.0,0.09319999999999995,0.08760723687500005,1.0,0.555625,0.444375,0.0,0.555625,0.0,0.555375,0.55675,1.0,0.381390625
mode_A_fixed_split_fresh_seeds,null,808,fixed_split_3985,0.05,B,level2,0.7177149999999999,0.6245149999999999,0.7177149999999999,0.8053222368749999,0.0,0.09319999999999995,0.08760723687500005,1.0,0.555625,0.444375,0.0,0.555625,0.0,0.555375,0.55675,1.0,0.381390625
mode_A_fixed_split_fresh_seeds,null,808,fixed_split_3985,0.05,B,level3,0.7177149999999999,0.6245149999999999,0.7177149999999999,0.8053222368749999,0.0,0.09319999999999995,0.08760723687500005,1.0,0.555625,0.444375,0.0,0.555625,0.0,0.555375,0.55675,1.0,0.381390625
mode_A_fixed_split_fresh_seeds,null,808,fixed_split_3985,0.07,A,level1,0.6968924999999999,0.6311925,0.6968924999999999,0.796361023125,0.0,0.06569999999999987,0.0994685231250001,1.0,0.552875,0.447125,0.0,0.552875,0.0,0.555375,0.55675,1.0,0.381390625
mode_A_fixed_split_fresh_seeds,null,808,fixed_split_3985,0.07,A,level2,0.6968924999999999,0.6311925,0.6968924999999999,0.796361023125,0.0,0.06569999999999987,0.0994685231250001,1.0,0.552875,0.447125,0.0,0.552875,0.0,0.555375,0.55675,1.0,0.381390625
mode_A_fixed_split_fresh_seeds,null,808,fixed_split_3985,0.07,A,level3,0.6968924999999999,0.6311925,0.6968924999999999,0.796361023125,0.0,0.06569999999999987,0.0994685231250001,1.0,0.552875,0.447125,0.0,0.552875,0.0,0.555375,0.55675,1.0,0.381390625
mode_A_fixed_split_fresh_seeds,null,808,fixed_split_3985,0.07,B,level1,0.6977149999999999,0.6245149999999999,0.6977149999999999,0.794209736875,0.0,0.07319999999999993,0.0964947368750001,1.0,0.555625,0.444375,0.0,0.555625,0.0,0.555375,0.55675,1.0,0.381390625
mode_A_fixed_split_fresh_seeds,null,808,fixed_split_3985,0.07,B,level2,0.6977149999999999,0.6245149999999999,0.6977149999999999,0.794209736875,0.0,0.07319999999999993,0.0964947368750001,1.0,0.555625,0.444375,0.0,0.555625,0.0,0.555375,0.55675,1.0,0.381390625
mode_A_fixed_split_fresh_seeds,null,808,fixed_split_3985,0.07,B,level3,0.6977149999999999,0.6245149999999999,0.6977149999999999,0.794209736875,0.0,0.07319999999999993,0.0964947368750001,1.0,0.555625,0.444375,0.0,0.555625,0.0,0.555375,0.55675,1.0,0.381390625
mode_B_preregistered_splits,structured,,balanced_lex_idx_0,0.03,A,level1,0.7589277352118502,0.7453453423382617,0.8058969938235245,0.9088938959801418,-0.046969258611674336,0.013582392873588534,0.1499661607682916,0.49999999999999994,0.5421053101222746,0.11016370068730957,0.3477309891904158,0.7375672885031063,0.0,0.6174649255833793,0.742017801214395,1.0,0.3333333333333333
mode_B_preregistered_splits,structured,,balanced_lex_idx_0,0.03,A,level2,0.8058969938235245,0.7453453423382617,0.8058969938235245,0.9088938959801418,0.0,0.06055165148526287,0.10299690215661728,0.9999999999999998,0.7375672885031062,0.2624327114968938,0.0,0.7375672885031063,0.0,0.6174649255833793,0.742017801214395,1.0,0.3333333333333333
mode_B_preregistered_splits,structured,,balanced_lex_idx_0,0.03,A,level3,0.7589277352118502,0.7453453423382617,0.8058969938235245,0.9088938959801418,-0.046969258611674336,0.013582392873588534,0.1499661607682916,0.49999999999999994,0.5421053101222746,0.11016370068730957,0.3477309891904158,0.7375672885031063,0.0,0.6174649255833793,0.742017801214395,1.0,0.3333333333333333
mode_B_preregistered_splits,structured,,balanced_lex_idx_0,0.03,B,level1,0.7083975254370614,0.7195604261029335,0.7274069756432682,0.8443250370966667,-0.019009450206206813,-0.01116290066587211,0.13592751165960537,0.5,0.6680658692901783,0.14109531761163535,0.19083881309818634,0.549743495486551,0.0,0.6174649255833793,0.742017801214395,1.0,0.3333333333333333
mode_B_preregistered_splits,structured,,balanced_lex_idx_0,0.03,B,level2,0.7274069756432682,0.7195604261029335,0.7274069756432682,0.8443250370966667,0.0,0.007846549540334702,0.11691806145339856,0.9999999999999998,0.549743495486551,0.4502565045134491,0.0,0.549743495486551,0.0,0.6174649255833793,0.742017801214395,1.0,0.3333333333333333
mode_B_preregistered_splits,structured,,balanced_lex_idx_0,0.03,B,level3,0.7083975254370614,0.7195604261029335,0.7274069756432682,0.8443250370966667,-0.019009450206206813,-0.01116290066587211,0.13592751165960537,0.5,0.6680658692901783,0.14109531761163535,0.19083881309818634,0.549743495486551,0.0,0.6174649255833793,0.742017801214395,1.0,0.3333333333333333
mode_B_preregistered_splits,structured,,balanced_lex_idx_0,0.05,A,level1,0.7453453423382617,0.7453453423382617,0.7858969938235245,0.8941425502100796,-0.04055165148526285,0.0,0.14879720787181794,0.0,0.2624327114968938,0.0,0.7375672885031062,0.7375672885031063,0.0,0.6174649255833793,0.742017801214395,1.0,0.3333333333333333
mode_B_preregistered_splits,structured,,balanced_lex_idx_0,0.05,A,level2,0.7489277352118502,0.7453453423382617,0.7858969938235245,0.8941425502100796,-0.03696925861167433,0.0035823928735885247,0.1452148149982294,0.49999999999999994,0.5421053101222746,0.11016370068730957,0.3477309891904158,0.7375672885031063,0.0,0.6174649255833793,0.742017801214395,1.0,0.3333333333333333
mode_B_preregistered_splits,structured,,balanced_lex_idx_0,0.05,A,level3,0.7489277352118502,0.7453453423382617,0.7858969938235245,0.8941425502100796,-0.03696925861167433,0.0035823928735885247,0.1452148149982294,0.49999999999999994,0.5421053101222746,0.11016370068730957,0.3477309891904158,0.7375672885031063,0.0,0.6174649255833793,0.742017801214395,1.0,0.3333333333333333
mode_B_preregistered_splits,structured,,balanced_lex_idx_0,0.05,B,level1,0.7195604261029335,0.7195604261029335,0.7074069756432682,0.8333301671869358,0.012153450459665316,0.0,0.11376974108400228,0.0,0.4502565045134491,0.0,0.549743495486551,0.549743495486551,0.0,0.6174649255833793,0.742017801214395,1.0,0.3333333333333333
mode_B_preregistered_splits,structured,,balanced_lex_idx_0,0.05,B,level2,0.6983975254370614,0.7195604261029335,0.7074069756432682,0.8333301671869358,-0.009009450206206804,-0.02116290066587212,0.1349326417498744,0.5,0.6680658692901783,0.14109531761163535,0.19083881309818634,0.549743495486551,0.0,0.6174649255833793,0.742017801214395,1.0,0.3333333333333333
mode_B_preregistered_splits,structured,,balanced_lex_idx_0,0.05,B,level3,0.7195604261029335,0.7195604261029335,0.7074069756432682,0.8333301671869358,0.012153450459665316,0.0,0.11376974108400228,0.0,0.4502565045134491,0.0,0.549743495486551,0.549743495486551,0.0,0.6174649255833793,0.742017801214395,1.0,0.3333333333333333
mode_B_preregistered_splits,structured,,balanced_lex_idx_0,0.07,A,level1,0.7453453423382617,0.7453453423382617,0.7658969938235245,0.8793912044400175,-0.020551651485262834,0.0,0.13404586210175584,0.0,0.2624327114968938,0.0,0.7375672885031062,0.7375672885031063,0.0,0.6174649255833793,0.742017801214395,1.0,0.3333333333333333
mode_B_preregistered_splits,structured,,balanced_lex_idx_0,0.07,A,level2,0.7389277352118502,0.7453453423382617,0.7658969938235245,0.8793912044400175,-0.026969258611674318,-0.006417607126411484,0.14046346922816733,0.49999999999999994,0.5421053101222746,0.11016370068730957,0.3477309891904158,0.7375672885031063,0.0,0.6174649255833793,0.742017801214395,1.0,0.3333333333333333
mode_B_preregistered_splits,structured,,balanced_lex_idx_0,0.07,A,level3,0.7453453423382617,0.7453453423382617,0.7658969938235245,0.8793912044400175,-0.020551651485262834,0.0,0.13404586210175584,0.0,0.2624327114968938,0.0,0.7375672885031062,0.7375672885031063,0.0,0.6174649255833793,0.742017801214395,1.0,0.3333333333333333
mode_B_preregistered_splits,structured,,balanced_lex_idx_0,0.07,B,level1,0.7195604261029335,0.7195604261029335,0.6874069756432682,0.8223352972772047,0.03215345045966522,0.0,0.1027748711742712,0.0,0.4502565045134491,0.0,0.549743495486551,0.549743495486551,0.0,0.6174649255833793,0.742017801214395,1.0,0.3333333333333333
mode_B_preregistered_splits,structured,,balanced_lex_idx_0,0.07,B,level2,0.7195604261029335,0.7195604261029335,0.6874069756432682,0.8223352972772047,0.03215345045966522,0.0,0.1027748711742712,0.0,0.4502565045134491,0.0,0.549743495486551,0.549743495486551,0.0,0.6174649255833793,0.742017801214395,1.0,0.3333333333333333
mode_B_preregistered_splits,structured,,balanced_lex_idx_0,0.07,B,level3,0.7195604261029335,0.7195604261029335,0.6874069756432682,0.8223352972772047,0.03215345045966522,0.0,0.1027748711742712,0.0,0.4502565045134491,0.0,0.549743495486551,0.549743495486551,0.0,0.6174649255833793,0.742017801214395,1.0,0.3333333333333333
mode_B_preregistered_splits,null,,balanced_lex_idx_0,0.03,A,level1,0.7358672426569153,0.6274958354572444,0.7358672426569153,0.8165020971402868,0.0,0.10837140719967087,0.08063485448337149,0.9999999999999999,0.5518363898884744,0.4481636101115257,0.0,0.5518363898884744,0.0,0.5518363898884744,0.5518363898884744,1.0,0.3333333333333333
mode_B_preregistered_splits,null,,balanced_lex_idx_0,0.03,A,level2,0.7358672426569153,0.6274958354572444,0.7358672426569153,0.8165020971402868,0.0,0.10837140719967087,0.08063485448337149,0.9999999999999999,0.5518363898884744,0.4481636101115257,0.0,0.5518363898884744,0.0,0.5518363898884744,0.5518363898884744,1.0,0.3333333333333333
mode_B_preregistered_splits,null,,balanced_lex_idx_0,0.03,A,level3,0.7358672426569153,0.6274958354572444,0.7358672426569153,0.8165020971402868,0.0,0.10837140719967087,0.08063485448337149,0.9999999999999999,0.5518363898884744,0.4481636101115257,0.0,0.5518363898884744,0.0,0.5518363898884744,0.5518363898884744,1.0,0.3333333333333333
mode_B_preregistered_splits,null,,balanced_lex_idx_0,0.03,B,level1,0.7358672426569153,0.6274958354572444,0.7358672426569153,0.8165020971402868,0.0,0.10837140719967087,0.08063485448337149,0.9999999999999999,0.5518363898884744,0.4481636101115257,0.0,0.5518363898884744,0.0,0.5518363898884744,0.5518363898884744,1.0,0.3333333333333333
mode_B_preregistered_splits,null,,balanced_lex_idx_0,0.03,B,level2,0.7358672426569153,0.6274958354572444,0.7358672426569153,0.8165020971402868,0.0,0.10837140719967087,0.08063485448337149,0.9999999999999999,0.5518363898884744,0.4481636101115257,0.0,0.5518363898884744,0.0,0.5518363898884744,0.5518363898884744,1.0,0.3333333333333333
mode_B_preregistered_splits,null,,balanced_lex_idx_0,0.03,B,level3,0.7358672426569153,0.6274958354572444,0.7358672426569153,0.8165020971402868,0.0,0.10837140719967087,0.08063485448337149,0.9999999999999999,0.5518363898884744,0.4481636101115257,0.0,0.5518363898884744,0.0,0.5518363898884744,0.5518363898884744,1.0,0.3333333333333333
mode_B_preregistered_splits,null,,balanced_lex_idx_0,0.05,A,level1,0.7158672426569153,0.6274958354572444,0.7158672426569153,0.8054653693425172,0.0,0.08837140719967085,0.08959812668560196,0.9999999999999999,0.5518363898884744,0.4481636101115257,0.0,0.5518363898884744,0.0,0.5518363898884744,0.5518363898884744,1.0,0.3333333333333333
mode_B_preregistered_splits,null,,balanced_lex_idx_0,0.05,A,level2,0.7158672426569153,0.6274958354572444,0.7158672426569153,0.8054653693425172,0.0,0.08837140719967085,0.08959812668560196,0.9999999999999999,0.5518363898884744,0.4481636101115257,0.0,0.5518363898884744,0.0,0.5518363898884744,0.5518363898884744,1.0,0.3333333333333333
mode_B_preregistered_splits,null,,balanced_lex_idx_0,0.05,A,level3,0.7158672426569153,0.6274958354572444,0.7158672426569153,0.8054653693425172,0.0,0.08837140719967085,0.08959812668560196,0.9999999999999999,0.5518363898884744,0.4481636101115257,0.0,0.5518363898884744,0.0,0.5518363898884744,0.5518363898884744,1.0,0.3333333333333333
mode_B_preregistered_splits,null,,balanced_lex_idx_0,0.05,B,level1,0.7158672426569153,0.6274958354572444,0.7158672426569153,0.8054653693425172,0.0,0.08837140719967085,0.08959812668560196,0.9999999999999999,0.5518363898884744,0.4481636101115257,0.0,0.5518363898884744,0.0,0.5518363898884744,0.5518363898884744,1.0,0.3333333333333333
mode_B_preregistered_splits,null,,balanced_lex_idx_0,0.05,B,level2,0.7158672426569153,0.6274958354572444,0.7158672426569153,0.8054653693425172,0.0,0.08837140719967085,0.08959812668560196,0.9999999999999999,0.5518363898884744,0.4481636101115257,0.0,0.5518363898884744,0.0,0.5518363898884744,0.5518363898884744,1.0,0.3333333333333333
mode_B_preregistered_splits,null,,balanced_lex_idx_0,0.05,B,level3,0.7158672426569153,0.6274958354572444,0.7158672426569153,0.8054653693425172,0.0,0.08837140719967085,0.08959812668560196,0.9999999999999999,0.5518363898884744,0.4481636101115257,0.0,0.5518363898884744,0.0,0.5518363898884744,0.5518363898884744,1.0,0.3333333333333333
mode_B_preregistered_splits,null,,balanced_lex_idx_0,0.07,A,level1,0.6958672426569152,0.6274958354572444,0.6958672426569152,0.7944286415447477,0.0,0.06837140719967083,0.09856139888783244,0.9999999999999999,0.5518363898884744,0.4481636101115257,0.0,0.5518363898884744,0.0,0.5518363898884744,0.5518363898884744,1.0,0.3333333333333333
mode_B_preregistered_splits,null,,balanced_lex_idx_0,0.07,A,level2,0.6958672426569152,0.6274958354572444,0.6958672426569152,0.7944286415447477,0.0,0.06837140719967083,0.09856139888783244,0.9999999999999999,0.5518363898884744,0.4481636101115257,0.0,0.5518363898884744,0.0,0.5518363898884744,0.5518363898884744,1.0,0.3333333333333333
mode_B_preregistered_splits,null,,balanced_lex_idx_0,0.07,A,level3,0.6958672426569152,0.6274958354572444,0.6958672426569152,0.7944286415447477,0.0,0.06837140719967083,0.09856139888783244,0.9999999999999999,0.5518363898884744,0.4481636101115257,0.0,0.5518363898884744,0.0,0.5518363898884744,0.5518363898884744,1.0,0.3333333333333333
mode_B_preregistered_splits,null,,balanced_lex_idx_0,0.07,B,level1,0.6958672426569152,0.6274958354572444,0.6958672426569152,0.7944286415447477,0.0,0.06837140719967083,0.09856139888783244,0.9999999999999999,0.5518363898884744,0.4481636101115257,0.0,0.5518363898884744,0.0,0.5518363898884744,0.5518363898884744,1.0,0.3333333333333333
mode_B_preregistered_splits,null,,balanced_lex_idx_0,0.07,B,level2,0.6958672426569152,0.6274958354572444,0.6958672426569152,0.7944286415447477,0.0,0.06837140719967083,0.09856139888783244,0.9999999999999999,0.5518363898884744,0.4481636101115257,0.0,0.5518363898884744,0.0,0.5518363898884744,0.5518363898884744,1.0,0.3333333333333333
mode_B_preregistered_splits,null,,balanced_lex_idx_0,0.07,B,level3,0.6958672426569152,0.6274958354572444,0.6958672426569152,0.7944286415447477,0.0,0.06837140719967083,0.09856139888783244,0.9999999999999999,0.5518363898884744,0.4481636101115257,0.0,0.5518363898884744,0.0,0.5518363898884744,0.5518363898884744,1.0,0.3333333333333333
mode_B_preregistered_splits,structured,,balanced_lex_idx_6,0.03,A,level1,0.792314600949936,0.7453453423382617,0.8058969938235245,0.9088938959801418,-0.013582392873588534,0.046969258611674336,0.11657929503020581,0.49999999999999994,0.4578946898777254,0.15226901080958422,0.38983629931269037,0.7375672885031063,0.0,0.6174649255833793,0.742017801214395,1.0,0.3333333333333333
mode_B_preregistered_splits,structured,,balanced_lex_idx_6,0.03,A,level2,0.8058969938235245,0.7453453423382617,0.8058969938235245,0.9088938959801418,0.0,0.06055165148526287,0.10299690215661728,0.9999999999999998,0.7375672885031062,0.2624327114968938,0.0,0.7375672885031063,0.0,0.6174649255833793,0.742017801214395,1.0,0.3333333333333333
mode_B_preregistered_splits,structured,,balanced_lex_idx_6,0.03,A,level3,0.792314600949936,0.7453453423382617,0.8058969938235245,0.9088938959801418,-0.013582392873588534,0.046969258611674336,0.11657929503020581,0.49999999999999994,0.4578946898777254,0.15226901080958422,0.38983629931269037,0.7375672885031063,0.0,0.6174649255833793,0.742017801214395,1.0,0.3333333333333333
mode_B_preregistered_splits,structured,,balanced_lex_idx_6,0.03,B,level1,0.7106089647025225,0.737478004152675,0.7341528081402462,0.8445638940045854,-0.023543843437723644,-0.0268690394501524,0.13395492930206288,0.5,0.6479257750793431,0.16072799109198566,0.19134623382867114,0.5306182427366855,0.0,0.6174649255833793,0.742017801214395,1.0,0.3333333333333333
mode_B_preregistered_splits,structured,,balanced_lex_idx_6,0.03,B,level2,0.7106089647025225,0.737478004152675,0.7341528081402462,0.8445638940045854,-0.023543843437723644,-0.0268690394501524,0.13395492930206288,0.5,0.6479257750793431,0.16072799109198566,0.19134623382867114,0.5306182427366855,0.0,0.6174649255833793,0.742017801214395,1.0,0.3333333333333333
mode_B_preregistered_splits,structured,,balanced_lex_idx_6,0.03,B,level3,0.7106089647025225,0.737478004152675,0.7341528081402462,0.8445638940045854,-0.023543843437723644,-0.0268690394501524,0.13395492930206288,0.5,0.6479257750793431,0.16072799109198566,0.19134623382867114,0.5306182427366855,0.0,0.6174649255833793,0.742017801214395,1.0,0.3333333333333333
mode_B_preregistered_splits,structured,,balanced_lex_idx_6,0.05,A,level1,0.7453453423382617,0.7453453423382617,0.7858969938235245,0.8941425502100796,-0.04055165148526285,0.0,0.14879720787181794,0.0,0.2624327114968938,0.0,0.7375672885031062,0.7375672885031063,0.0,0.6174649255833793,0.742017801214395,1.0,0.3333333333333333
mode_B_preregistered_splits,structured,,balanced_lex_idx_6,0.05,A,level2,0.782314600949936,0.7453453423382617,0.7858969938235245,0.8941425502100796,-0.0035823928735885247,0.03696925861167433,0.11182794926014361,0.49999999999999994,0.4578946898777254,0.15226901080958422,0.38983629931269037,0.7375672885031063,0.0,0.6174649255833793,0.742017801214395,1.0,0.3333333333333333
mode_B_preregistered_splits,structured,,balanced_lex_idx_6,0.05,A,level3,0.7453453423382617,0.7453453423382617,0.7858969938235245,0.8941425502100796,-0.04055165148526285,0.0,0.14879720787181794,0.0,0.2624327114968938,0.0,0.7375672885031062,0.7375672885031063,0.0,0.6174649255833793,0.742017801214395,1.0,0.3333333333333333
mode_B_preregistered_splits,structured,,balanced_lex_idx_6,0.05,B,level1,0.737478004152675,0.737478004152675,0.7141528081402462,0.8339515291498517,0.023325196012428773,0.0,0.09647352499717676,0.0,0.4693817572633145,0.0,0.5306182427366855,0.5306182427366855,0.0,0.6174649255833793,0.742017801214395,1.0,0.3333333333333333
mode_B_preregistered_splits,structured,,balanced_lex_idx_6,0.05,B,level2,0.737478004152675,0.737478004152675,0.7141528081402462,0.8339515291498517,0.023325196012428773,0.0,0.09647352499717676,0.0,0.4693817572633145,0.0,0.5306182427366855,0.5306182427366855,0.0,0.6174649255833793,0.742017801214395,1.0,0.3333333333333333
mode_B_preregistered_splits,structured,,balanced_lex_idx_6,0.05,B,level3,0.7006089647025225,0.737478004152675,0.7141528081402462,0.8339515291498517,-0.013543843437723635,-0.03686903945015241,0.13334256444732917,0.5,0.6479257750793431,0.16072799109198566,0.19134623382867114,0.5306182427366855,0.0,0.6174649255833793,0.742017801214395,1.0,0.3333333333333333
mode_B_preregistered_splits,structured,,balanced_lex_idx_6,0.07,A,level1,0.7453453423382617,0.7453453423382617,0.7658969938235245,0.8793912044400175,-0.020551651485262834,0.0,0.13404586210175584,0.0,0.2624327114968938,0.0,0.7375672885031062,0.7375672885031063,0.0,0.6174649255833793,0.742017801214395,1.0,0.3333333333333333
mode_B_preregistered_splits,structured,,balanced_lex_idx_6,0.07,A,level2,0.7453453423382617,0.7453453423382617,0.7658969938235245,0.8793912044400175,-0.020551651485262834,0.0,0.13404586210175584,0.0,0.2624327114968938,0.0,0.7375672885031062,0.7375672885031063,0.0,0.6174649255833793,0.742017801214395,1.0,0.3333333333333333
mode_B_preregistered_splits,structured,,balanced_lex_idx_6,0.07,A,level3,0.7453453423382617,0.7453453423382617,0.7658969938235245,0.8793912044400175,-0.020551651485262834,0.0,0.13404586210175584,0.0,0.2624327114968938,0.0,0.7375672885031062,0.7375672885031063,0.0,0.6174649255833793,0.742017801214395,1.0,0.3333333333333333
mode_B_preregistered_splits,structured,,balanced_lex_idx_6,0.07,B,level1,0.737478004152675,0.737478004152675,0.6941528081402462,0.823339164295118,0.04332519601242879,0.0,0.08586116014244305,0.0,0.4693817572633145,0.0,0.5306182427366855,0.5306182427366855,0.0,0.6174649255833793,0.742017801214395,1.0,0.3333333333333333
mode_B_preregistered_splits,structured,,balanced_lex_idx_6,0.07,B,level2,0.737478004152675,0.737478004152675,0.6941528081402462,0.823339164295118,0.04332519601242879,0.0,0.08586116014244305,0.0,0.4693817572633145,0.0,0.5306182427366855,0.5306182427366855,0.0,0.6174649255833793,0.742017801214395,1.0,0.3333333333333333
mode_B_preregistered_splits,structured,,balanced_lex_idx_6,0.07,B,level3,0.6906089647025225,0.737478004152675,0.6941528081402462,0.823339164295118,-0.003543843437723626,-0.04686903945015242,0.13273019959259547,0.5,0.6479257750793431,0.16072799109198566,0.19134623382867114,0.5306182427366855,0.0,0.6174649255833793,0.742017801214395,1.0,0.3333333333333333
mode_B_preregistered_splits,null,,balanced_lex_idx_6,0.03,A,level1,0.7358672426569153,0.6274958354572444,0.7358672426569153,0.8165020971402868,0.0,0.10837140719967087,0.08063485448337149,0.9999999999999999,0.5518363898884744,0.4481636101115257,0.0,0.5518363898884744,0.0,0.5518363898884744,0.5518363898884744,1.0,0.3333333333333333
mode_B_preregistered_splits,null,,balanced_lex_idx_6,0.03,A,level2,0.7358672426569153,0.6274958354572444,0.7358672426569153,0.8165020971402868,0.0,0.10837140719967087,0.08063485448337149,0.9999999999999999,0.5518363898884744,0.4481636101115257,0.0,0.5518363898884744,0.0,0.5518363898884744,0.5518363898884744,1.0,0.3333333333333333
mode_B_preregistered_splits,null,,balanced_lex_idx_6,0.03,A,level3,0.7358672426569153,0.6274958354572444,0.7358672426569153,0.8165020971402868,0.0,0.10837140719967087,0.08063485448337149,0.9999999999999999,0.5518363898884744,0.4481636101115257,0.0,0.5518363898884744,0.0,0.5518363898884744,0.5518363898884744,1.0,0.3333333333333333
mode_B_preregistered_splits,null,,balanced_lex_idx_6,0.03,B,level1,0.7358672426569153,0.6274958354572444,0.7358672426569153,0.8165020971402868,0.0,0.10837140719967087,0.08063485448337149,0.9999999999999999,0.5518363898884744,0.4481636101115257,0.0,0.5518363898884744,0.0,0.5518363898884744,0.5518363898884744,1.0,0.3333333333333333
mode_B_preregistered_splits,null,,balanced_lex_idx_6,0.03,B,level2,0.7358672426569153,0.6274958354572444,0.7358672426569153,0.8165020971402868,0.0,0.10837140719967087,0.08063485448337149,0.9999999999999999,0.5518363898884744,0.4481636101115257,0.0,0.5518363898884744,0.0,0.5518363898884744,0.5518363898884744,1.0,0.3333333333333333
mode_B_preregistered_splits,null,,balanced_lex_idx_6,0.03,B,level3,0.7358672426569153,0.6274958354572444,0.7358672426569153,0.8165020971402868,0.0,0.10837140719967087,0.08063485448337149,0.9999999999999999,0.5518363898884744,0.4481636101115257,0.0,0.5518363898884744,0.0,0.5518363898884744,0.5518363898884744,1.0,0.3333333333333333
mode_B_preregistered_splits,null,,balanced_lex_idx_6,0.05,A,level1,0.7158672426569153,0.6274958354572444,0.7158672426569153,0.8054653693425172,0.0,0.08837140719967085,0.08959812668560196,0.9999999999999999,0.5518363898884744,0.4481636101115257,0.0,0.5518363898884744,0.0,0.5518363898884744,0.5518363898884744,1.0,0.3333333333333333
mode_B_preregistered_splits,null,,balanced_lex_idx_6,0.05,A,level2,0.7158672426569153,0.6274958354572444,0.7158672426569153,0.8054653693425172,0.0,0.08837140719967085,0.08959812668560196,0.9999999999999999,0.5518363898884744,0.4481636101115257,0.0,0.5518363898884744,0.0,0.5518363898884744,0.5518363898884744,1.0,0.3333333333333333
mode_B_preregistered_splits,null,,balanced_lex_idx_6,0.05,A,level3,0.7158672426569153,0.6274958354572444,0.7158672426569153,0.8054653693425172,0.0,0.08837140719967085,0.08959812668560196,0.9999999999999999,0.5518363898884744,0.4481636101115257,0.0,0.5518363898884744,0.0,0.5518363898884744,0.5518363898884744,1.0,0.3333333333333333
mode_B_preregistered_splits,null,,balanced_lex_idx_6,0.05,B,level1,0.7158672426569153,0.6274958354572444,0.7158672426569153,0.8054653693425172,0.0,0.08837140719967085,0.08959812668560196,0.9999999999999999,0.5518363898884744,0.4481636101115257,0.0,0.5518363898884744,0.0,0.5518363898884744,0.5518363898884744,1.0,0.3333333333333333
mode_B_preregistered_splits,null,,balanced_lex_idx_6,0.05,B,level2,0.7158672426569153,0.6274958354572444,0.7158672426569153,0.8054653693425172,0.0,0.08837140719967085,0.08959812668560196,0.9999999999999999,0.5518363898884744,0.4481636101115257,0.0,0.5518363898884744,0.0,0.5518363898884744,0.5518363898884744,1.0,0.3333333333333333
mode_B_preregistered_splits,null,,balanced_lex_idx_6,0.05,B,level3,0.7158672426569153,0.6274958354572444,0.7158672426569153,0.8054653693425172,0.0,0.08837140719967085,0.08959812668560196,0.9999999999999999,0.5518363898884744,0.4481636101115257,0.0,0.5518363898884744,0.0,0.5518363898884744,0.5518363898884744,1.0,0.3333333333333333
mode_B_preregistered_splits,null,,balanced_lex_idx_6,0.07,A,level1,0.6958672426569152,0.6274958354572444,0.6958672426569152,0.7944286415447477,0.0,0.06837140719967083,0.09856139888783244,0.9999999999999999,0.5518363898884744,0.4481636101115257,0.0,0.5518363898884744,0.0,0.5518363898884744,0.5518363898884744,1.0,0.3333333333333333
mode_B_preregistered_splits,null,,balanced_lex_idx_6,0.07,A,level2,0.6958672426569152,0.6274958354572444,0.6958672426569152,0.7944286415447477,0.0,0.06837140719967083,0.09856139888783244,0.9999999999999999,0.5518363898884744,0.4481636101115257,0.0,0.5518363898884744,0.0,0.5518363898884744,0.5518363898884744,1.0,0.3333333333333333
mode_B_preregistered_splits,null,,balanced_lex_idx_6,0.07,A,level3,0.6958672426569152,0.6274958354572444,0.6958672426569152,0.7944286415447477,0.0,0.06837140719967083,0.09856139888783244,0.9999999999999999,0.5518363898884744,0.4481636101115257,0.0,0.5518363898884744,0.0,0.5518363898884744,0.5518363898884744,1.0,0.3333333333333333
mode_B_preregistered_splits,null,,balanced_lex_idx_6,0.07,B,level1,0.6958672426569152,0.6274958354572444,0.6958672426569152,0.7944286415447477,0.0,0.06837140719967083,0.09856139888783244,0.9999999999999999,0.5518363898884744,0.4481636101115257,0.0,0.5518363898884744,0.0,0.5518363898884744,0.5518363898884744,1.0,0.3333333333333333
mode_B_preregistered_splits,null,,balanced_lex_idx_6,0.07,B,level2,0.6958672426569152,0.6274958354572444,0.6958672426569152,0.7944286415447477,0.0,0.06837140719967083,0.09856139888783244,0.9999999999999999,0.5518363898884744,0.4481636101115257,0.0,0.5518363898884744,0.0,0.5518363898884744,0.5518363898884744,1.0,0.3333333333333333
mode_B_preregistered_splits,null,,balanced_lex_idx_6,0.07,B,level3,0.6958672426569152,0.6274958354572444,0.6958672426569152,0.7944286415447477,0.0,0.06837140719967083,0.09856139888783244,0.9999999999999999,0.5518363898884744,0.4481636101115257,0.0,0.5518363898884744,0.0,0.5518363898884744,0.5518363898884744,1.0,0.3333333333333333
mode_B_preregistered_splits,structured,,balanced_lex_idx_13,0.03,A,level1,0.7177403716383914,0.7177403716383914,0.7504822305023454,0.873200339467761,-0.032741858863953976,0.0,0.15545996782936955,0.0,0.39043701766007544,0.0,0.6095629823399246,0.6095629823399246,0.0,0.6174649255833793,0.742017801214395,1.0,0.3333333333333333
mode_B_preregistered_splits,structured,,balanced_lex_idx_13,0.03,A,level2,0.7056689970668514,0.7177403716383914,0.7504822305023454,0.873200339467761,-0.04481323343549404,-0.012071374571540061,0.1675313424009096,0.5,0.4382974130828712,0.22606980228860216,0.3356327846285267,0.6095629823399246,0.0,0.6174649255833793,0.742017801214395,1.0,0.3333333333333333
mode_B_preregistered_splits,structured,,balanced_lex_idx_13,0.03,A,level3,0.7056689970668514,0.7177403716383914,0.7504822305023454,0.873200339467761,-0.04481323343549404,-0.012071374571540061,0.1675313424009096,0.5,0.4382974130828712,0.22606980228860216,0.3356327846285267,0.6095629823399246,0.0,0.6174649255833793,0.742017801214395,1.0,0.3333333333333333
mode_B_preregistered_splits,structured,,balanced_lex_idx_13,0.03,B,level1,0.7282634185481909,0.7282634185481909,0.7913024998110374,0.8985277208719462,-0.06303908126284652,0.0,0.17026430232375533,0.0,0.30279973716538466,0.0,0.6972002628346153,0.6972002628346153,0.0,0.6174649255833793,0.742017801214395,1.0,0.3333333333333333
mode_B_preregistered_splits,structured,,balanced_lex_idx_13,0.03,B,level2,0.7913024998110374,0.7282634185481909,0.7913024998110374,0.8985277208719462,0.0,0.06303908126284652,0.10722522106090882,0.9999999999999999,0.6972002628346153,0.30279973716538466,0.0,0.6972002628346153,0.0,0.6174649255833793,0.742017801214395,1.0,0.3333333333333333
mode_B_preregistered_splits,structured,,balanced_lex_idx_13,0.03,B,level3,0.7350786271958583,0.7282634185481909,0.7913024998110374,0.8985277208719462,-0.05622387261517914,0.006815208647667381,0.16344909367608795,0.5,0.3978765906361988,0.20246157326459296,0.39966183609920836,0.6972002628346153,0.0,0.6174649255833793,0.742017801214395,1.0,0.3333333333333333
mode_B_preregistered_splits,structured,,balanced_lex_idx_13,0.05,A,level1,0.7177403716383914,0.7177403716383914,0.7304822305023454,0.8610090798209625,-0.012741858863953959,0.0,0.1432687081825711,0.0,0.39043701766007544,0.0,0.6095629823399246,0.6095629823399246,0.0,0.6174649255833793,0.742017801214395,1.0,0.3333333333333333
mode_B_preregistered_splits,structured,,balanced_lex_idx_13,0.05,A,level2,0.7177403716383914,0.7177403716383914,0.7304822305023454,0.8610090798209625,-0.012741858863953959,0.0,0.1432687081825711,0.0,0.39043701766007544,0.0,0.6095629823399246,0.6095629823399246,0.0,0.6174649255833793,0.742017801214395,1.0,0.3333333333333333
mode_B_preregistered_splits,structured,,balanced_lex_idx_13,0.05,A,level3,0.7177403716383914,0.7177403716383914,0.7304822305023454,0.8610090798209625,-0.012741858863953959,0.0,0.1432687081825711,0.0,0.39043701766007544,0.0,0.6095629823399246,0.6095629823399246,0.0,0.6174649255833793,0.742017801214395,1.0,0.3333333333333333
mode_B_preregistered_splits,structured,,balanced_lex_idx_13,0.05,B,level1,0.7282634185481909,0.7282634185481909,0.7713024998110374,0.8845837156152538,-0.0430390812628465,0.0,0.15632029706706296,0.0,0.30279973716538466,0.0,0.6972002628346153,0.6972002628346153,0.0,0.6174649255833793,0.742017801214395,1.0,0.3333333333333333
mode_B_preregistered_splits,structured,,balanced_lex_idx_13,0.05,B,level2,0.7250786271958581,0.7282634185481909,0.7713024998110374,0.8845837156152538,-0.04622387261517924,-0.0031847913523327387,0.1595050884193957,0.5,0.3978765906361988,0.20246157326459296,0.39966183609920836,0.6972002628346153,0.0,0.6174649255833793,0.742017801214395,1.0,0.3333333333333333
mode_B_preregistered_splits,structured,,balanced_lex_idx_13,0.05,B,level3,0.7282634185481909,0.7282634185481909,0.7713024998110374,0.8845837156152538,-0.0430390812628465,0.0,0.15632029706706296,0.0,0.30279973716538466,0.0,0.6972002628346153,0.6972002628346153,0.0,0.6174649255833793,0.742017801214395,1.0,0.3333333333333333
mode_B_preregistered_splits,structured,,balanced_lex_idx_13,0.07,A,level1,0.7177403716383914,0.7177403716383914,0.7104822305023454,0.848817820174164,0.007258141136046059,0.0,0.13107744853577252,0.0,0.39043701766007544,0.0,0.6095629823399246,0.6095629823399246,0.0,0.6174649255833793,0.742017801214395,1.0,0.3333333333333333
mode_B_preregistered_splits,structured,,balanced_lex_idx_13,0.07,A,level2,0.7177403716383914,0.7177403716383914,0.7104822305023454,0.848817820174164,0.007258141136046059,0.0,0.13107744853577252,0.0,0.39043701766007544,0.0,0.6095629823399246,0.6095629823399246,0.0,0.6174649255833793,0.742017801214395,1.0,0.3333333333333333
mode_B_preregistered_splits,structured,,balanced_lex_idx_13,0.07,A,level3,0.7177403716383914,0.7177403716383914,0.7104822305023454,0.848817820174164,0.007258141136046059,0.0,0.13107744853577252,0.0,0.39043701766007544,0.0,0.6095629823399246,0.6095629823399246,0.0,0.6174649255833793,0.742017801214395,1.0,0.3333333333333333
mode_B_preregistered_splits,structured,,balanced_lex_idx_13,0.07,B,level1,0.7282634185481909,0.7282634185481909,0.7513024998110375,0.8706397103585616,-0.023039081262846595,0.0,0.1423762918103707,0.0,0.30279973716538466,0.0,0.6972002628346153,0.6972002628346153,0.0,0.6174649255833793,0.742017801214395,1.0,0.3333333333333333
mode_B_preregistered_splits,structured,,balanced_lex_idx_13,0.07,B,level2,0.7282634185481909,0.7282634185481909,0.7513024998110375,0.8706397103585616,-0.023039081262846595,0.0,0.1423762918103707,0.0,0.30279973716538466,0.0,0.6972002628346153,0.6972002628346153,0.0,0.6174649255833793,0.742017801214395,1.0,0.3333333333333333
mode_B_preregistered_splits,structured,,balanced_lex_idx_13,0.07,B,level3,0.7282634185481909,0.7282634185481909,0.7513024998110375,0.8706397103585616,-0.023039081262846595,0.0,0.1423762918103707,0.0,0.30279973716538466,0.0,0.6972002628346153,0.6972002628346153,0.0,0.6174649255833793,0.742017801214395,1.0,0.3333333333333333
mode_B_preregistered_splits,null,,balanced_lex_idx_13,0.03,A,level1,0.7358672426569153,0.6274958354572444,0.7358672426569153,0.8165020971402868,0.0,0.10837140719967087,0.08063485448337149,0.9999999999999999,0.5518363898884744,0.4481636101115257,0.0,0.5518363898884744,0.0,0.5518363898884744,0.5518363898884744,1.0,0.3333333333333333
mode_B_preregistered_splits,null,,balanced_lex_idx_13,0.03,A,level2,0.7358672426569153,0.6274958354572444,0.7358672426569153,0.8165020971402868,0.0,0.10837140719967087,0.08063485448337149,0.9999999999999999,0.5518363898884744,0.4481636101115257,0.0,0.5518363898884744,0.0,0.5518363898884744,0.5518363898884744,1.0,0.3333333333333333
mode_B_preregistered_splits,null,,balanced_lex_idx_13,0.03,A,level3,0.7358672426569153,0.6274958354572444,0.7358672426569153,0.8165020971402868,0.0,0.10837140719967087,0.08063485448337149,0.9999999999999999,0.5518363898884744,0.4481636101115257,0.0,0.5518363898884744,0.0,0.5518363898884744,0.5518363898884744,1.0,0.3333333333333333
mode_B_preregistered_splits,null,,balanced_lex_idx_13,0.03,B,level1,0.7358672426569153,0.6274958354572444,0.7358672426569153,0.8165020971402868,0.0,0.10837140719967087,0.08063485448337149,0.9999999999999999,0.5518363898884744,0.4481636101115257,0.0,0.5518363898884744,0.0,0.5518363898884744,0.5518363898884744,1.0,0.3333333333333333
mode_B_preregistered_splits,null,,balanced_lex_idx_13,0.03,B,level2,0.7358672426569153,0.6274958354572444,0.7358672426569153,0.8165020971402868,0.0,0.10837140719967087,0.08063485448337149,0.9999999999999999,0.5518363898884744,0.4481636101115257,0.0,0.5518363898884744,0.0,0.5518363898884744,0.5518363898884744,1.0,0.3333333333333333
mode_B_preregistered_splits,null,,balanced_lex_idx_13,0.03,B,level3,0.7358672426569153,0.6274958354572444,0.7358672426569153,0.8165020971402868,0.0,0.10837140719967087,0.08063485448337149,0.9999999999999999,0.5518363898884744,0.4481636101115257,0.0,0.5518363898884744,0.0,0.5518363898884744,0.5518363898884744,1.0,0.3333333333333333
mode_B_preregistered_splits,null,,balanced_lex_idx_13,0.05,A,level1,0.7158672426569153,0.6274958354572444,0.7158672426569153,0.8054653693425172,0.0,0.08837140719967085,0.08959812668560196,0.9999999999999999,0.5518363898884744,0.4481636101115257,0.0,0.5518363898884744,0.0,0.5518363898884744,0.5518363898884744,1.0,0.3333333333333333
mode_B_preregistered_splits,null,,balanced_lex_idx_13,0.05,A,level2,0.7158672426569153,0.6274958354572444,0.7158672426569153,0.8054653693425172,0.0,0.08837140719967085,0.08959812668560196,0.9999999999999999,0.5518363898884744,0.4481636101115257,0.0,0.5518363898884744,0.0,0.5518363898884744,0.5518363898884744,1.0,0.3333333333333333
mode_B_preregistered_splits,null,,balanced_lex_idx_13,0.05,A,level3,0.7158672426569153,0.6274958354572444,0.7158672426569153,0.8054653693425172,0.0,0.08837140719967085,0.08959812668560196,0.9999999999999999,0.5518363898884744,0.4481636101115257,0.0,0.5518363898884744,0.0,0.5518363898884744,0.5518363898884744,1.0,0.3333333333333333
mode_B_preregistered_splits,null,,balanced_lex_idx_13,0.05,B,level1,0.7158672426569153,0.6274958354572444,0.7158672426569153,0.8054653693425172,0.0,0.08837140719967085,0.08959812668560196,0.9999999999999999,0.5518363898884744,0.4481636101115257,0.0,0.5518363898884744,0.0,0.5518363898884744,0.5518363898884744,1.0,0.3333333333333333
mode_B_preregistered_splits,null,,balanced_lex_idx_13,0.05,B,level2,0.7158672426569153,0.6274958354572444,0.7158672426569153,0.8054653693425172,0.0,0.08837140719967085,0.08959812668560196,0.9999999999999999,0.5518363898884744,0.4481636101115257,0.0,0.5518363898884744,0.0,0.5518363898884744,0.5518363898884744,1.0,0.3333333333333333
mode_B_preregistered_splits,null,,balanced_lex_idx_13,0.05,B,level3,0.7158672426569153,0.6274958354572444,0.7158672426569153,0.8054653693425172,0.0,0.08837140719967085,0.08959812668560196,0.9999999999999999,0.5518363898884744,0.4481636101115257,0.0,0.5518363898884744,0.0,0.5518363898884744,0.5518363898884744,1.0,0.3333333333333333
mode_B_preregistered_splits,null,,balanced_lex_idx_13,0.07,A,level1,0.6958672426569152,0.6274958354572444,0.6958672426569152,0.7944286415447477,0.0,0.06837140719967083,0.09856139888783244,0.9999999999999999,0.5518363898884744,0.4481636101115257,0.0,0.5518363898884744,0.0,0.5518363898884744,0.5518363898884744,1.0,0.3333333333333333
mode_B_preregistered_splits,null,,balanced_lex_idx_13,0.07,A,level2,0.6958672426569152,0.6274958354572444,0.6958672426569152,0.7944286415447477,0.0,0.06837140719967083,0.09856139888783244,0.9999999999999999,0.5518363898884744,0.4481636101115257,0.0,0.5518363898884744,0.0,0.5518363898884744,0.5518363898884744,1.0,0.3333333333333333
mode_B_preregistered_splits,null,,balanced_lex_idx_13,0.07,A,level3,0.6958672426569152,0.6274958354572444,0.6958672426569152,0.7944286415447477,0.0,0.06837140719967083,0.09856139888783244,0.9999999999999999,0.5518363898884744,0.4481636101115257,0.0,0.5518363898884744,0.0,0.5518363898884744,0.5518363898884744,1.0,0.3333333333333333
mode_B_preregistered_splits,null,,balanced_lex_idx_13,0.07,B,level1,0.6958672426569152,0.6274958354572444,0.6958672426569152,0.7944286415447477,0.0,0.06837140719967083,0.09856139888783244,0.9999999999999999,0.5518363898884744,0.4481636101115257,0.0,0.5518363898884744,0.0,0.5518363898884744,0.5518363898884744,1.0,0.3333333333333333
mode_B_preregistered_splits,null,,balanced_lex_idx_13,0.07,B,level2,0.6958672426569152,0.6274958354572444,0.6958672426569152,0.7944286415447477,0.0,0.06837140719967083,0.09856139888783244,0.9999999999999999,0.5518363898884744,0.4481636101115257,0.0,0.5518363898884744,0.0,0.5518363898884744,0.5518363898884744,1.0,0.3333333333333333
mode_B_preregistered_splits,null,,balanced_lex_idx_13,0.07,B,level3,0.6958672426569152,0.6274958354572444,0.6958672426569152,0.7944286415447477,0.0,0.06837140719967083,0.09856139888783244,0.9999999999999999,0.5518363898884744,0.4481636101115257,0.0,0.5518363898884744,0.0,0.5518363898884744,0.5518363898884744,1.0,0.3333333333333333
mode_B_preregistered_splits,structured,,balanced_lex_idx_20,0.03,A,level1,0.7913024998110374,0.7282634185481909,0.7913024998110374,0.8985277208719462,0.0,0.06303908126284652,0.10722522106090882,0.9999999999999999,0.6972002628346153,0.30279973716538466,0.0,0.6972002628346153,0.0,0.6174649255833793,0.742017801214395,1.0,0.3333333333333333
mode_B_preregistered_splits,structured,,balanced_lex_idx_20,0.03,A,level2,0.7913024998110374,0.7282634185481909,0.7913024998110374,0.8985277208719462,0.0,0.06303908126284652,0.10722522106090882,0.9999999999999999,0.6972002628346153,0.30279973716538466,0.0,0.6972002628346153,0.0,0.6174649255833793,0.742017801214395,1.0,0.3333333333333333
mode_B_preregistered_splits,structured,,balanced_lex_idx_20,0.03,A,level3,0.7844872911633701,0.7282634185481909,0.7913024998110374,0.8985277208719462,-0.00681520864766727,0.05622387261517925,0.11404042970857609,0.5000000000000001,0.6021234093638013,0.1003381639007917,0.29753842673540704,0.6972002628346153,0.0,0.6174649255833793,0.742017801214395,1.0,0.3333333333333333
mode_B_preregistered_splits,structured,,balanced_lex_idx_20,0.03,B,level1,0.6830925017066507,0.7677103297144751,0.6830925017066507,0.8461510763453993,0.0,-0.08461782800782436,0.16305857463874862,1.0,0.4128381639007917,0.5871618360992084,0.0,0.4128381639007917,0.0,0.6174649255833793,0.742017801214395,1.0,0.3333333333333333
mode_B_preregistered_splits,structured,,balanced_lex_idx_20,0.03,B,level2,0.6830925017066507,0.7677103297144751,0.6830925017066507,0.8461510763453993,0.0,-0.08461782800782436,0.16305857463874862,1.0,0.4128381639007917,0.5871618360992084,0.0,0.4128381639007917,0.0,0.6174649255833793,0.742017801214395,1.0,0.3333333333333333
mode_B_preregistered_splits,structured,,balanced_lex_idx_20,0.03,B,level3,0.6830925017066507,0.7677103297144751,0.6830925017066507,0.8461510763453993,0.0,-0.08461782800782436,0.16305857463874862,1.0,0.4128381639007917,0.5871618360992084,0.0,0.4128381639007917,0.0,0.6174649255833793,0.742017801214395,1.0,0.3333333333333333
mode_B_preregistered_splits,structured,,balanced_lex_idx_20,0.05,A,level1,0.7282634185481909,0.7282634185481909,0.7713024998110374,0.8845837156152538,-0.0430390812628465,0.0,0.15632029706706296,0.0,0.30279973716538466,0.0,0.6972002628346153,0.6972002628346153,0.0,0.6174649255833793,0.742017801214395,1.0,0.3333333333333333
mode_B_preregistered_splits,structured,,balanced_lex_idx_20,0.05,A,level2,0.7744872911633701,0.7282634185481909,0.7713024998110374,0.8845837156152538,0.0031847913523327387,0.04622387261517924,0.11009642445188372,0.5000000000000001,0.6021234093638013,0.1003381639007917,0.29753842673540704,0.6972002628346153,0.0,0.6174649255833793,0.742017801214395,1.0,0.3333333333333333
mode_B_preregistered_splits,structured,,balanced_lex_idx_20,0.05,A,level3,0.7282634185481909,0.7282634185481909,0.7713024998110374,0.8845837156152538,-0.0430390812628465,0.0,0.15632029706706296,0.0,0.30279973716538466,0.0,0.6972002628346153,0.6972002628346153,0.0,0.6174649255833793,0.742017801214395,1.0,0.3333333333333333
mode_B_preregistered_splits,structured,,balanced_lex_idx_20,0.05,B,level1,0.7677103297144751,0.7677103297144751,0.6630925017066507,0.8378943130673835,0.10461782800782438,0.0,0.07018398335290843,0.0,0.5871618360992084,0.0,0.4128381639007917,0.4128381639007917,0.0,0.6174649255833793,0.742017801214395,1.0,0.3333333333333333
mode_B_preregistered_splits,structured,,balanced_lex_idx_20,0.05,B,level2,0.7677103297144751,0.7677103297144751,0.6630925017066507,0.8378943130673835,0.10461782800782438,0.0,0.07018398335290843,0.0,0.5871618360992084,0.0,0.4128381639007917,0.4128381639007917,0.0,0.6174649255833793,0.742017801214395,1.0,0.3333333333333333
mode_B_preregistered_splits,structured,,balanced_lex_idx_20,0.05,B,level3,0.7677103297144751,0.7677103297144751,0.6630925017066507,0.8378943130673835,0.10461782800782438,0.0,0.07018398335290843,0.0,0.5871618360992084,0.0,0.4128381639007917,0.4128381639007917,0.0,0.6174649255833793,0.742017801214395,1.0,0.3333333333333333
mode_B_preregistered_splits,structured,,balanced_lex_idx_20,0.07,A,level1,0.7282634185481909,0.7282634185481909,0.7513024998110375,0.8706397103585616,-0.023039081262846595,0.0,0.1423762918103707,0.0,0.30279973716538466,0.0,0.6972002628346153,0.6972002628346153,0.0,0.6174649255833793,0.742017801214395,1.0,0.3333333333333333
mode_B_preregistered_splits,structured,,balanced_lex_idx_20,0.07,A,level2,0.7282634185481909,0.7282634185481909,0.7513024998110375,0.8706397103585616,-0.023039081262846595,0.0,0.1423762918103707,0.0,0.30279973716538466,0.0,0.6972002628346153,0.6972002628346153,0.0,0.6174649255833793,0.742017801214395,1.0,0.3333333333333333
mode_B_preregistered_splits,structured,,balanced_lex_idx_20,0.07,A,level3,0.7282634185481909,0.7282634185481909,0.7513024998110375,0.8706397103585616,-0.023039081262846595,0.0,0.1423762918103707,0.0,0.30279973716538466,0.0,0.6972002628346153,0.6972002628346153,0.0,0.6174649255833793,0.742017801214395,1.0,0.3333333333333333
mode_B_preregistered_splits,structured,,balanced_lex_idx_20,0.07,B,level1,0.7677103297144751,0.7677103297144751,0.6430925017066508,0.8296375497893677,0.12461782800782428,0.0,0.0619272200748926,0.0,0.5871618360992084,0.0,0.4128381639007917,0.4128381639007917,0.0,0.6174649255833793,0.742017801214395,1.0,0.3333333333333333
mode_B_preregistered_splits,structured,,balanced_lex_idx_20,0.07,B,level2,0.7677103297144751,0.7677103297144751,0.6430925017066508,0.8296375497893677,0.12461782800782428,0.0,0.0619272200748926,0.0,0.5871618360992084,0.0,0.4128381639007917,0.4128381639007917,0.0,0.6174649255833793,0.742017801214395,1.0,0.3333333333333333
mode_B_preregistered_splits,structured,,balanced_lex_idx_20,0.07,B,level3,0.7677103297144751,0.7677103297144751,0.6430925017066508,0.8296375497893677,0.12461782800782428,0.0,0.0619272200748926,0.0,0.5871618360992084,0.0,0.4128381639007917,0.4128381639007917,0.0,0.6174649255833793,0.742017801214395,1.0,0.3333333333333333
mode_B_preregistered_splits,null,,balanced_lex_idx_20,0.03,A,level1,0.7358672426569153,0.6274958354572444,0.7358672426569153,0.8165020971402868,0.0,0.10837140719967087,0.08063485448337149,0.9999999999999999,0.5518363898884744,0.4481636101115257,0.0,0.5518363898884744,0.0,0.5518363898884744,0.5518363898884744,1.0,0.3333333333333333
mode_B_preregistered_splits,null,,balanced_lex_idx_20,0.03,A,level2,0.7358672426569153,0.6274958354572444,0.7358672426569153,0.8165020971402868,0.0,0.10837140719967087,0.08063485448337149,0.9999999999999999,0.5518363898884744,0.4481636101115257,0.0,0.5518363898884744,0.0,0.5518363898884744,0.5518363898884744,1.0,0.3333333333333333
mode_B_preregistered_splits,null,,balanced_lex_idx_20,0.03,A,level3,0.7358672426569153,0.6274958354572444,0.7358672426569153,0.8165020971402868,0.0,0.10837140719967087,0.08063485448337149,0.9999999999999999,0.5518363898884744,0.4481636101115257,0.0,0.5518363898884744,0.0,0.5518363898884744,0.5518363898884744,1.0,0.3333333333333333
mode_B_preregistered_splits,null,,balanced_lex_idx_20,0.03,B,level1,0.7358672426569153,0.6274958354572444,0.7358672426569153,0.8165020971402868,0.0,0.10837140719967087,0.08063485448337149,0.9999999999999999,0.5518363898884744,0.4481636101115257,0.0,0.5518363898884744,0.0,0.5518363898884744,0.5518363898884744,1.0,0.3333333333333333
mode_B_preregistered_splits,null,,balanced_lex_idx_20,0.03,B,level2,0.7358672426569153,0.6274958354572444,0.7358672426569153,0.8165020971402868,0.0,0.10837140719967087,0.08063485448337149,0.9999999999999999,0.5518363898884744,0.4481636101115257,0.0,0.5518363898884744,0.0,0.5518363898884744,0.5518363898884744,1.0,0.3333333333333333
mode_B_preregistered_splits,null,,balanced_lex_idx_20,0.03,B,level3,0.7358672426569153,0.6274958354572444,0.7358672426569153,0.8165020971402868,0.0,0.10837140719967087,0.08063485448337149,0.9999999999999999,0.5518363898884744,0.4481636101115257,0.0,0.5518363898884744,0.0,0.5518363898884744,0.5518363898884744,1.0,0.3333333333333333
mode_B_preregistered_splits,null,,balanced_lex_idx_20,0.05,A,level1,0.7158672426569153,0.6274958354572444,0.7158672426569153,0.8054653693425172,0.0,0.08837140719967085,0.08959812668560196,0.9999999999999999,0.5518363898884744,0.4481636101115257,0.0,0.5518363898884744,0.0,0.5518363898884744,0.5518363898884744,1.0,0.3333333333333333
mode_B_preregistered_splits,null,,balanced_lex_idx_20,0.05,A,level2,0.7158672426569153,0.6274958354572444,0.7158672426569153,0.8054653693425172,0.0,0.08837140719967085,0.08959812668560196,0.9999999999999999,0.5518363898884744,0.4481636101115257,0.0,0.5518363898884744,0.0,0.5518363898884744,0.5518363898884744,1.0,0.3333333333333333
mode_B_preregistered_splits,null,,balanced_lex_idx_20,0.05,A,level3,0.7158672426569153,0.6274958354572444,0.7158672426569153,0.8054653693425172,0.0,0.08837140719967085,0.08959812668560196,0.9999999999999999,0.5518363898884744,0.4481636101115257,0.0,0.5518363898884744,0.0,0.5518363898884744,0.5518363898884744,1.0,0.3333333333333333
mode_B_preregistered_splits,null,,balanced_lex_idx_20,0.05,B,level1,0.7158672426569153,0.6274958354572444,0.7158672426569153,0.8054653693425172,0.0,0.08837140719967085,0.08959812668560196,0.9999999999999999,0.5518363898884744,0.4481636101115257,0.0,0.5518363898884744,0.0,0.5518363898884744,0.5518363898884744,1.0,0.3333333333333333
mode_B_preregistered_splits,null,,balanced_lex_idx_20,0.05,B,level2,0.7158672426569153,0.6274958354572444,0.7158672426569153,0.8054653693425172,0.0,0.08837140719967085,0.08959812668560196,0.9999999999999999,0.5518363898884744,0.4481636101115257,0.0,0.5518363898884744,0.0,0.5518363898884744,0.5518363898884744,1.0,0.3333333333333333
mode_B_preregistered_splits,null,,balanced_lex_idx_20,0.05,B,level3,0.7158672426569153,0.6274958354572444,0.7158672426569153,0.8054653693425172,0.0,0.08837140719967085,0.08959812668560196,0.9999999999999999,0.5518363898884744,0.4481636101115257,0.0,0.5518363898884744,0.0,0.5518363898884744,0.5518363898884744,1.0,0.3333333333333333
mode_B_preregistered_splits,null,,balanced_lex_idx_20,0.07,A,level1,0.6958672426569152,0.6274958354572444,0.6958672426569152,0.7944286415447477,0.0,0.06837140719967083,0.09856139888783244,0.9999999999999999,0.5518363898884744,0.4481636101115257,0.0,0.5518363898884744,0.0,0.5518363898884744,0.5518363898884744,1.0,0.3333333333333333
mode_B_preregistered_splits,null,,balanced_lex_idx_20,0.07,A,level2,0.6958672426569152,0.6274958354572444,0.6958672426569152,0.7944286415447477,0.0,0.06837140719967083,0.09856139888783244,0.9999999999999999,0.5518363898884744,0.4481636101115257,0.0,0.5518363898884744,0.0,0.5518363898884744,0.5518363898884744,1.0,0.3333333333333333
mode_B_preregistered_splits,null,,balanced_lex_idx_20,0.07,A,level3,0.6958672426569152,0.6274958354572444,0.6958672426569152,0.7944286415447477,0.0,0.06837140719967083,0.09856139888783244,0.9999999999999999,0.5518363898884744,0.4481636101115257,0.0,0.5518363898884744,0.0,0.5518363898884744,0.5518363898884744,1.0,0.3333333333333333
mode_B_preregistered_splits,null,,balanced_lex_idx_20,0.07,B,level1,0.6958672426569152,0.6274958354572444,0.6958672426569152,0.7944286415447477,0.0,0.06837140719967083,0.09856139888783244,0.9999999999999999,0.5518363898884744,0.4481636101115257,0.0,0.5518363898884744,0.0,0.5518363898884744,0.5518363898884744,1.0,0.3333333333333333
mode_B_preregistered_splits,null,,balanced_lex_idx_20,0.07,B,level2,0.6958672426569152,0.6274958354572444,0.6958672426569152,0.7944286415447477,0.0,0.06837140719967083,0.09856139888783244,0.9999999999999999,0.5518363898884744,0.4481636101115257,0.0,0.5518363898884744,0.0,0.5518363898884744,0.5518363898884744,1.0,0.3333333333333333
mode_B_preregistered_splits,null,,balanced_lex_idx_20,0.07,B,level3,0.6958672426569152,0.6274958354572444,0.6958672426569152,0.7944286415447477,0.0,0.06837140719967083,0.09856139888783244,0.9999999999999999,0.5518363898884744,0.4481636101115257,0.0,0.5518363898884744,0.0,0.5518363898884744,0.5518363898884744,1.0,0.3333333333333333
mode_B_preregistered_splits,structured,,balanced_lex_idx_27,0.03,A,level1,0.6830925017066507,0.7677103297144751,0.6830925017066507,0.8461510763453993,0.0,-0.08461782800782436,0.16305857463874862,1.0,0.4128381639007917,0.5871618360992084,0.0,0.4128381639007917,0.0,0.6174649255833793,0.742017801214395,1.0,0.3333333333333333
mode_B_preregistered_splits,structured,,balanced_lex_idx_27,0.03,A,level2,0.746996215010098,0.7677103297144751,0.6830925017066507,0.8461510763453993,0.06390371330344735,-0.020714114704377007,0.09915486133530127,0.5,0.41383345649894143,0.33666418980013346,0.24950235370092513,0.4128381639007917,0.0,0.6174649255833793,0.742017801214395,1.0,0.3333333333333333
mode_B_preregistered_splits,structured,,balanced_lex_idx_27,0.03,A,level3,0.746996215010098,0.7677103297144751,0.6830925017066507,0.8461510763453993,0.06390371330344735,-0.020714114704377007,0.09915486133530127,0.5,0.41383345649894143,0.33666418980013346,0.24950235370092513,0.4128381639007917,0.0,0.6174649255833793,0.742017801214395,1.0,0.3333333333333333
mode_B_preregistered_splits,structured,,balanced_lex_idx_27,0.03,B,level1,0.7341528081402462,0.737478004152675,0.7341528081402462,0.8445638940045854,0.0,-0.003325196012428755,0.11041108586433923,1.0,0.5306182427366855,0.4693817572633145,0.0,0.5306182427366855,0.0,0.6174649255833793,0.742017801214395,1.0,0.3333333333333333
mode_B_preregistered_splits,structured,,balanced_lex_idx_27,0.03,B,level2,0.7106089647025225,0.737478004152675,0.7341528081402462,0.8445638940045854,-0.023543843437723644,-0.0268690394501524,0.13395492930206288,0.5,0.6479257750793431,0.16072799109198566,0.19134623382867114,0.5306182427366855,0.0,0.6174649255833793,0.742017801214395,1.0,0.3333333333333333
mode_B_preregistered_splits,structured,,balanced_lex_idx_27,0.03,B,level3,0.7341528081402462,0.737478004152675,0.7341528081402462,0.8445638940045854,0.0,-0.003325196012428755,0.11041108586433923,1.0,0.5306182427366855,0.4693817572633145,0.0,0.5306182427366855,0.0,0.6174649255833793,0.742017801214395,1.0,0.3333333333333333
mode_B_preregistered_splits,structured,,balanced_lex_idx_27,0.05,A,level1,0.6630925017066507,0.7677103297144751,0.6630925017066507,0.8378943130673835,0.0,-0.10461782800782438,0.1748018113607328,1.0,0.4128381639007917,0.5871618360992084,0.0,0.4128381639007917,0.0,0.6174649255833793,0.742017801214395,1.0,0.3333333333333333
mode_B_preregistered_splits,structured,,balanced_lex_idx_27,0.05,A,level2,0.7677103297144751,0.7677103297144751,0.6630925017066507,0.8378943130673835,0.10461782800782438,0.0,0.07018398335290843,0.0,0.5871618360992084,0.0,0.4128381639007917,0.4128381639007917,0.0,0.6174649255833793,0.742017801214395,1.0,0.3333333333333333
mode_B_preregistered_splits,structured,,balanced_lex_idx_27,0.05,A,level3,0.7677103297144751,0.7677103297144751,0.6630925017066507,0.8378943130673835,0.10461782800782438,0.0,0.07018398335290843,0.0,0.5871618360992084,0.0,0.4128381639007917,0.4128381639007917,0.0,0.6174649255833793,0.742017801214395,1.0,0.3333333333333333
mode_B_preregistered_splits,structured,,balanced_lex_idx_27,0.05,B,level1,0.7006089647025225,0.737478004152675,0.7141528081402462,0.8339515291498517,-0.013543843437723635,-0.03686903945015241,0.13334256444732917,0.5,0.6479257750793431,0.16072799109198566,0.19134623382867114,0.5306182427366855,0.0,0.6174649255833793,0.742017801214395,1.0,0.3333333333333333
mode_B_preregistered_splits,structured,,balanced_lex_idx_27,0.05,B,level2,0.7006089647025225,0.737478004152675,0.7141528081402462,0.8339515291498517,-0.013543843437723635,-0.03686903945015241,0.13334256444732917,0.5,0.6479257750793431,0.16072799109198566,0.19134623382867114,0.5306182427366855,0.0,0.6174649255833793,0.742017801214395,1.0,0.3333333333333333
mode_B_preregistered_splits,structured,,balanced_lex_idx_27,0.05,B,level3,0.7006089647025225,0.737478004152675,0.7141528081402462,0.8339515291498517,-0.013543843437723635,-0.03686903945015241,0.13334256444732917,0.5,0.6479257750793431,0.16072799109198566,0.19134623382867114,0.5306182427366855,0.0,0.6174649255833793,0.742017801214395,1.0,0.3333333333333333
mode_B_preregistered_splits,structured,,balanced_lex_idx_27,0.07,A,level1,0.7677103297144751,0.7677103297144751,0.6430925017066508,0.8296375497893677,0.12461782800782428,0.0,0.0619272200748926,0.0,0.5871618360992084,0.0,0.4128381639007917,0.4128381639007917,0.0,0.6174649255833793,0.742017801214395,1.0,0.3333333333333333
mode_B_preregistered_splits,structured,,balanced_lex_idx_27,0.07,A,level2,0.7677103297144751,0.7677103297144751,0.6430925017066508,0.8296375497893677,0.12461782800782428,0.0,0.0619272200748926,0.0,0.5871618360992084,0.0,0.4128381639007917,0.4128381639007917,0.0,0.6174649255833793,0.742017801214395,1.0,0.3333333333333333
mode_B_preregistered_splits,structured,,balanced_lex_idx_27,0.07,A,level3,0.7677103297144751,0.7677103297144751,0.6430925017066508,0.8296375497893677,0.12461782800782428,0.0,0.0619272200748926,0.0,0.5871618360992084,0.0,0.4128381639007917,0.4128381639007917,0.0,0.6174649255833793,0.742017801214395,1.0,0.3333333333333333
mode_B_preregistered_splits,structured,,balanced_lex_idx_27,0.07,B,level1,0.737478004152675,0.737478004152675,0.6941528081402462,0.823339164295118,0.04332519601242879,0.0,0.08586116014244305,0.0,0.4693817572633145,0.0,0.5306182427366855,0.5306182427366855,0.0,0.6174649255833793,0.742017801214395,1.0,0.3333333333333333
mode_B_preregistered_splits,structured,,balanced_lex_idx_27,0.07,B,level2,0.737478004152675,0.737478004152675,0.6941528081402462,0.823339164295118,0.04332519601242879,0.0,0.08586116014244305,0.0,0.4693817572633145,0.0,0.5306182427366855,0.5306182427366855,0.0,0.6174649255833793,0.742017801214395,1.0,0.3333333333333333
mode_B_preregistered_splits,structured,,balanced_lex_idx_27,0.07,B,level3,0.6906089647025225,0.737478004152675,0.6941528081402462,0.823339164295118,-0.003543843437723626,-0.04686903945015242,0.13273019959259547,0.5,0.6479257750793431,0.16072799109198566,0.19134623382867114,0.5306182427366855,0.0,0.6174649255833793,0.742017801214395,1.0,0.3333333333333333
mode_B_preregistered_splits,null,,balanced_lex_idx_27,0.03,A,level1,0.7358672426569153,0.6274958354572444,0.7358672426569153,0.8165020971402868,0.0,0.10837140719967087,0.08063485448337149,0.9999999999999999,0.5518363898884744,0.4481636101115257,0.0,0.5518363898884744,0.0,0.5518363898884744,0.5518363898884744,1.0,0.3333333333333333
mode_B_preregistered_splits,null,,balanced_lex_idx_27,0.03,A,level2,0.7358672426569153,0.6274958354572444,0.7358672426569153,0.8165020971402868,0.0,0.10837140719967087,0.08063485448337149,0.9999999999999999,0.5518363898884744,0.4481636101115257,0.0,0.5518363898884744,0.0,0.5518363898884744,0.5518363898884744,1.0,0.3333333333333333
mode_B_preregistered_splits,null,,balanced_lex_idx_27,0.03,A,level3,0.7358672426569153,0.6274958354572444,0.7358672426569153,0.8165020971402868,0.0,0.10837140719967087,0.08063485448337149,0.9999999999999999,0.5518363898884744,0.4481636101115257,0.0,0.5518363898884744,0.0,0.5518363898884744,0.5518363898884744,1.0,0.3333333333333333
mode_B_preregistered_splits,null,,balanced_lex_idx_27,0.03,B,level1,0.7358672426569153,0.6274958354572444,0.7358672426569153,0.8165020971402868,0.0,0.10837140719967087,0.08063485448337149,0.9999999999999999,0.5518363898884744,0.4481636101115257,0.0,0.5518363898884744,0.0,0.5518363898884744,0.5518363898884744,1.0,0.3333333333333333
mode_B_preregistered_splits,null,,balanced_lex_idx_27,0.03,B,level2,0.7358672426569153,0.6274958354572444,0.7358672426569153,0.8165020971402868,0.0,0.10837140719967087,0.08063485448337149,0.9999999999999999,0.5518363898884744,0.4481636101115257,0.0,0.5518363898884744,0.0,0.5518363898884744,0.5518363898884744,1.0,0.3333333333333333
mode_B_preregistered_splits,null,,balanced_lex_idx_27,0.03,B,level3,0.7358672426569153,0.6274958354572444,0.7358672426569153,0.8165020971402868,0.0,0.10837140719967087,0.08063485448337149,0.9999999999999999,0.5518363898884744,0.4481636101115257,0.0,0.5518363898884744,0.0,0.5518363898884744,0.5518363898884744,1.0,0.3333333333333333
mode_B_preregistered_splits,null,,balanced_lex_idx_27,0.05,A,level1,0.7158672426569153,0.6274958354572444,0.7158672426569153,0.8054653693425172,0.0,0.08837140719967085,0.08959812668560196,0.9999999999999999,0.5518363898884744,0.4481636101115257,0.0,0.5518363898884744,0.0,0.5518363898884744,0.5518363898884744,1.0,0.3333333333333333
mode_B_preregistered_splits,null,,balanced_lex_idx_27,0.05,A,level2,0.7158672426569153,0.6274958354572444,0.7158672426569153,0.8054653693425172,0.0,0.08837140719967085,0.08959812668560196,0.9999999999999999,0.5518363898884744,0.4481636101115257,0.0,0.5518363898884744,0.0,0.5518363898884744,0.5518363898884744,1.0,0.3333333333333333
mode_B_preregistered_splits,null,,balanced_lex_idx_27,0.05,A,level3,0.7158672426569153,0.6274958354572444,0.7158672426569153,0.8054653693425172,0.0,0.08837140719967085,0.08959812668560196,0.9999999999999999,0.5518363898884744,0.4481636101115257,0.0,0.5518363898884744,0.0,0.5518363898884744,0.5518363898884744,1.0,0.3333333333333333
mode_B_preregistered_splits,null,,balanced_lex_idx_27,0.05,B,level1,0.7158672426569153,0.6274958354572444,0.7158672426569153,0.8054653693425172,0.0,0.08837140719967085,0.08959812668560196,0.9999999999999999,0.5518363898884744,0.4481636101115257,0.0,0.5518363898884744,0.0,0.5518363898884744,0.5518363898884744,1.0,0.3333333333333333
mode_B_preregistered_splits,null,,balanced_lex_idx_27,0.05,B,level2,0.7158672426569153,0.6274958354572444,0.7158672426569153,0.8054653693425172,0.0,0.08837140719967085,0.08959812668560196,0.9999999999999999,0.5518363898884744,0.4481636101115257,0.0,0.5518363898884744,0.0,0.5518363898884744,0.5518363898884744,1.0,0.3333333333333333
mode_B_preregistered_splits,null,,balanced_lex_idx_27,0.05,B,level3,0.7158672426569153,0.6274958354572444,0.7158672426569153,0.8054653693425172,0.0,0.08837140719967085,0.08959812668560196,0.9999999999999999,0.5518363898884744,0.4481636101115257,0.0,0.5518363898884744,0.0,0.5518363898884744,0.5518363898884744,1.0,0.3333333333333333
mode_B_preregistered_splits,null,,balanced_lex_idx_27,0.07,A,level1,0.6958672426569152,0.6274958354572444,0.6958672426569152,0.7944286415447477,0.0,0.06837140719967083,0.09856139888783244,0.9999999999999999,0.5518363898884744,0.4481636101115257,0.0,0.5518363898884744,0.0,0.5518363898884744,0.5518363898884744,1.0,0.3333333333333333
mode_B_preregistered_splits,null,,balanced_lex_idx_27,0.07,A,level2,0.6958672426569152,0.6274958354572444,0.6958672426569152,0.7944286415447477,0.0,0.06837140719967083,0.09856139888783244,0.9999999999999999,0.5518363898884744,0.4481636101115257,0.0,0.5518363898884744,0.0,0.5518363898884744,0.5518363898884744,1.0,0.3333333333333333
mode_B_preregistered_splits,null,,balanced_lex_idx_27,0.07,A,level3,0.6958672426569152,0.6274958354572444,0.6958672426569152,0.7944286415447477,0.0,0.06837140719967083,0.09856139888783244,0.9999999999999999,0.5518363898884744,0.4481636101115257,0.0,0.5518363898884744,0.0,0.5518363898884744,0.5518363898884744,1.0,0.3333333333333333
mode_B_preregistered_splits,null,,balanced_lex_idx_27,0.07,B,level1,0.6958672426569152,0.6274958354572444,0.6958672426569152,0.7944286415447477,0.0,0.06837140719967083,0.09856139888783244,0.9999999999999999,0.5518363898884744,0.4481636101115257,0.0,0.5518363898884744,0.0,0.5518363898884744,0.5518363898884744,1.0,0.3333333333333333
mode_B_preregistered_splits,null,,balanced_lex_idx_27,0.07,B,level2,0.6958672426569152,0.6274958354572444,0.6958672426569152,0.7944286415447477,0.0,0.06837140719967083,0.09856139888783244,0.9999999999999999,0.5518363898884744,0.4481636101115257,0.0,0.5518363898884744,0.0,0.5518363898884744,0.5518363898884744,1.0,0.3333333333333333
mode_B_preregistered_splits,null,,balanced_lex_idx_27,0.07,B,level3,0.6958672426569152,0.6274958354572444,0.6958672426569152,0.7944286415447477,0.0,0.06837140719967083,0.09856139888783244,0.9999999999999999,0.5518363898884744,0.4481636101115257,0.0,0.5518363898884744,0.0,0.5518363898884744,0.5518363898884744,1.0,0.3333333333333333
